parameter,from_value,to_value,candidate_index_left,candidate_index_right,logical_failure_left,logical_failure_right,logical_failure_delta,abs_logical_failure_delta,convergence_left,convergence_right,convergence_delta,abs_convergence_delta,mean_iterations_left,mean_iterations_right,fixed_fresh_negative,fixed_fresh_p_positive,fixed_previous_negative,fixed_previous_positive,fixed_previous_p_positive,fixed_fresh_positive
fresh_positive,0.7,0.85,245,326,0.9090909090909092,0.2631578947368421,-0.6459330143540671,0.6459330143540671,0.0909090909090909,0.7368421052631579,0.6459330143540669,0.6459330143540669,3353.6363636363635,1543.1315789473683,-0.02,0.9,-0.25,0.0,0.75,
fresh_p_positive,0.9,0.97,7,34,0.8333333333333334,0.217391304347826,-0.6159420289855073,0.6159420289855073,0.1666666666666666,0.7391304347826086,0.572463768115942,0.572463768115942,3318.833333333333,1635.0,-0.1,,-0.25,0.25,0.5,0.7
fresh_positive,0.7,0.85,55,136,0.8333333333333334,0.2222222222222222,-0.6111111111111112,0.6111111111111112,0.1666666666666666,0.7777777777777778,0.6111111111111112,0.6111111111111112,3161.583333333333,1198.7333333333331,-0.1,0.995,-0.25,0.0,0.5,
fresh_p_positive,0.9,0.97,5,32,0.8333333333333334,0.2272727272727272,-0.6060606060606062,0.6060606060606062,0.1666666666666666,0.75,0.5833333333333334,0.5833333333333334,3116.25,1396.5454545454545,-0.1,,-0.25,0.1,0.75,0.7
fresh_p_positive,0.9,0.97,12,39,1.0,0.4,-0.6,0.6,0.0,0.6,0.6,0.6,3680.0,2061.96,-0.1,,-0.1,0.1,0.25,0.7
fresh_positive,0.7,0.85,498,579,0.8333333333333334,0.25,-0.5833333333333334,0.5833333333333334,0.1666666666666666,0.75,0.5833333333333334,0.5833333333333334,3285.4166666666665,1423.85,0.0,0.9,-0.1,0.1,0.25,
fresh_p_positive,0.9,0.97,19,46,0.8333333333333334,0.25,-0.5833333333333334,0.5833333333333334,0.1666666666666666,0.7,0.5333333333333333,0.5333333333333333,3393.5,1735.2,-0.1,,0.0,0.0,0.5,0.7
fresh_positive,0.7,0.85,18,99,0.9090909090909092,0.3448275862068966,-0.5642633228840126,0.5642633228840126,0.0909090909090909,0.6206896551724138,0.5297805642633229,0.5297805642633229,3643.363636363637,2060.758620689656,-0.1,0.9,0.0,0.0,0.25,
fresh_positive,0.7,0.85,12,93,1.0,0.4545454545454545,-0.5454545454545455,0.5454545454545455,0.0,0.5454545454545454,0.5454545454545454,0.5454545454545454,3680.0,2064.5,-0.1,0.9,-0.1,0.1,0.25,
previous_negative,-0.25,-0.1,405,414,0.7692307692307693,0.2325581395348837,-0.5366726296958856,0.5366726296958856,0.2307692307692307,0.7674418604651163,0.5366726296958856,0.5366726296958856,2927.230769230769,1294.5348837209303,-0.02,0.9,,0.0,0.25,1.0
fresh_p_positive,0.9,0.97,13,40,0.9090909090909092,0.3846153846153846,-0.5244755244755246,0.5244755244755246,0.0909090909090909,0.5769230769230769,0.486013986013986,0.486013986013986,3447.0,1868.1538461538464,-0.1,,-0.1,0.1,0.5,0.7
fresh_positive,0.7,0.85,15,96,0.9090909090909092,0.4,-0.5090909090909091,0.5090909090909091,0.0909090909090909,0.6,0.509090909090909,0.509090909090909,3408.090909090909,2046.8,-0.1,0.9,-0.1,0.25,0.25,
fresh_positive,0.7,0.85,13,94,0.9090909090909092,0.4,-0.5090909090909091,0.5090909090909091,0.0909090909090909,0.6,0.509090909090909,0.509090909090909,3447.0,2217.12,-0.1,0.9,-0.1,0.1,0.5,
fresh_p_positive,0.9,0.97,18,45,0.9090909090909092,0.4,-0.5090909090909091,0.5090909090909091,0.0909090909090909,0.6,0.509090909090909,0.509090909090909,3643.363636363637,1829.4,-0.1,,0.0,0.0,0.25,0.7
fresh_p_positive,0.9,0.97,15,42,0.9090909090909092,0.4166666666666667,-0.4924242424242425,0.4924242424242425,0.0909090909090909,0.5416666666666666,0.45075757575757575,0.45075757575757575,3408.090909090909,2078.625,-0.1,,-0.1,0.25,0.25,0.7
fresh_positive,0.7,0.85,298,379,0.7142857142857143,0.2222222222222222,-0.4920634920634921,0.4920634920634921,0.2857142857142857,0.7333333333333333,0.4476190476190476,0.4476190476190476,2837.285714285714,1289.8444444444444,-0.02,0.995,-0.25,0.0,0.5,
fresh_positive,0.7,0.85,514,595,0.7142857142857143,0.238095238095238,-0.4761904761904763,0.4761904761904763,0.2857142857142857,0.7619047619047619,0.47619047619047616,0.47619047619047616,2720.5,1420.142857142857,0.0,0.97,-0.25,0.0,0.5,
previous_negative,-0.25,-0.1,168,177,0.7142857142857143,0.238095238095238,-0.4761904761904763,0.4761904761904763,0.2857142857142857,0.7380952380952381,0.45238095238095244,0.45238095238095244,2930.214285714286,1490.595238095238,-0.1,0.9,,0.25,0.25,1.0
fresh_positive,0.7,0.85,10,91,0.9090909090909092,0.4347826086956521,-0.47430830039525707,0.47430830039525707,0.0909090909090909,0.5652173913043478,0.4743083003952569,0.4743083003952569,3345.909090909091,2142.521739130435,-0.1,0.9,-0.1,0.0,0.5,
fresh_positive,0.7,0.85,270,351,0.9090909090909092,0.4347826086956521,-0.47430830039525707,0.47430830039525707,0.0909090909090909,0.5652173913043478,0.4743083003952569,0.4743083003952569,3353.818181818182,2070.8695652173915,-0.02,0.97,-0.25,0.0,0.25,
fresh_positive,0.7,0.85,2,83,0.9090909090909092,0.4347826086956521,-0.47430830039525707,0.47430830039525707,0.0909090909090909,0.5652173913043478,0.4743083003952569,0.4743083003952569,3533.3636363636365,2423.217391304348,-0.1,0.9,-0.25,0.0,0.75,
fresh_positive,0.7,0.85,29,110,0.6666666666666666,0.2,-0.4666666666666666,0.4666666666666666,0.3333333333333333,0.76,0.4266666666666667,0.4266666666666667,2564.8,1051.62,-0.1,0.97,-0.25,0.0,0.75,
fresh_positive,0.7,0.85,488,569,0.8333333333333334,0.3703703703703703,-0.4629629629629631,0.4629629629629631,0.1666666666666666,0.6296296296296297,0.462962962962963,0.462962962962963,3106.333333333333,2080.4814814814813,0.0,0.9,-0.25,0.0,0.75,
previous_positive,0.1,0.25,5,8,0.8333333333333334,0.3703703703703703,-0.4629629629629631,0.4629629629629631,0.1666666666666666,0.6296296296296297,0.462962962962963,0.462962962962963,3116.25,2082.074074074074,-0.1,0.9,-0.25,,0.75,0.7
previous_p_positive,0.5,0.75,7,8,0.8333333333333334,0.3703703703703703,-0.4629629629629631,0.4629629629629631,0.1666666666666666,0.6296296296296297,0.462962962962963,0.462962962962963,3318.833333333333,2082.074074074074,-0.1,0.9,-0.25,0.25,,0.7
previous_negative,-0.25,-0.1,162,171,0.8333333333333334,0.3703703703703703,-0.4629629629629631,0.4629629629629631,0.1666666666666666,0.6296296296296297,0.462962962962963,0.462962962962963,3372.333333333333,2071.3703703703704,-0.1,0.9,,0.0,0.25,1.0
fresh_positive,0.7,0.85,19,100,0.8333333333333334,0.3703703703703703,-0.4629629629629631,0.4629629629629631,0.1666666666666666,0.6296296296296297,0.462962962962963,0.462962962962963,3393.5,1854.0,-0.1,0.9,0.0,0.0,0.5,
fresh_positive,0.7,0.85,7,88,0.8333333333333334,0.3703703703703703,-0.4629629629629631,0.4629629629629631,0.1666666666666666,0.5925925925925926,0.42592592592592593,0.42592592592592593,3318.833333333333,1768.7407407407406,-0.1,0.9,-0.25,0.25,0.5,
fresh_p_positive,0.9,0.97,498,525,0.8333333333333334,0.3846153846153846,-0.4487179487179488,0.4487179487179488,0.1666666666666666,0.5384615384615384,0.3717948717948718,0.3717948717948718,3285.4166666666665,2086.230769230769,0.0,,-0.1,0.1,0.25,0.7
fresh_p_positive,0.9,0.97,6,33,1.0,0.5555555555555556,-0.4444444444444444,0.4444444444444444,0.0,0.4444444444444444,0.4444444444444444,0.4444444444444444,3680.0,2387.333333333333,-0.1,,-0.25,0.25,0.25,0.7
fresh_positive,0.7,0.85,244,325,1.0,0.5555555555555556,-0.4444444444444444,0.4444444444444444,0.0,0.4444444444444444,0.4444444444444444,0.4444444444444444,3680.0,2488.3888888888887,-0.02,0.9,-0.25,0.0,0.5,
previous_p_positive,0.25,0.5,249,250,1.0,0.5555555555555556,-0.4444444444444444,0.4444444444444444,0.0,0.3888888888888889,0.3888888888888889,0.3888888888888889,3680.0,2774.333333333333,-0.02,0.9,-0.25,0.25,,0.7
previous_positive,0.0,0.1,29,32,0.6666666666666666,0.2272727272727272,-0.43939393939393945,0.43939393939393945,0.3333333333333333,0.75,0.4166666666666667,0.4166666666666667,2564.8,1396.5454545454545,-0.1,0.97,-0.25,,0.75,0.7
fresh_positive,0.7,0.85,28,109,0.6666666666666666,0.2272727272727272,-0.43939393939393945,0.43939393939393945,0.3333333333333333,0.75,0.4166666666666667,0.4166666666666667,2903.5333333333333,1331.3636363636365,-0.1,0.97,-0.25,0.0,0.5,
fresh_positive,0.7,0.85,543,624,0.8333333333333334,0.4,-0.43333333333333335,0.43333333333333335,0.1666666666666666,0.6,0.43333333333333335,0.43333333333333335,3081.1666666666665,1700.44,0.0,0.995,-0.25,0.1,0.25,
fresh_positive,0.7,0.85,11,92,0.8333333333333334,0.4,-0.43333333333333335,0.43333333333333335,0.1666666666666666,0.6,0.43333333333333335,0.43333333333333335,3366.6666666666665,2305.36,-0.1,0.9,-0.1,0.0,0.75,
fresh_positive,0.7,0.85,30,111,0.8333333333333334,0.4,-0.43333333333333335,0.43333333333333335,0.1666666666666666,0.6,0.43333333333333335,0.43333333333333335,3372.0,1976.84,-0.1,0.97,-0.25,0.1,0.25,
previous_negative,-0.25,-0.1,30,39,0.8333333333333334,0.4,-0.43333333333333335,0.43333333333333335,0.1666666666666666,0.6,0.43333333333333335,0.43333333333333335,3372.0,2061.96,-0.1,0.97,,0.1,0.25,0.7
previous_positive,0.0,0.1,55,58,0.8333333333333334,0.4,-0.43333333333333335,0.43333333333333335,0.1666666666666666,0.56,0.3933333333333334,0.3933333333333334,3161.583333333333,2167.08,-0.1,0.995,-0.25,,0.5,0.7
previous_positive,0.0,0.1,245,248,0.9090909090909092,0.4761904761904761,-0.43290043290043306,0.43290043290043306,0.0909090909090909,0.5238095238095238,0.43290043290043295,0.43290043290043295,3353.6363636363635,2340.2380952380954,-0.02,0.9,-0.25,,0.75,0.7
fresh_p_positive,0.9,0.97,4,31,0.9090909090909092,0.4761904761904761,-0.43290043290043306,0.43290043290043306,0.0909090909090909,0.5238095238095238,0.43290043290043295,0.43290043290043295,3523.090909090909,2171.0476190476197,-0.1,,-0.25,0.1,0.5,0.7
fresh_positive,0.7,0.85,9,90,0.9090909090909092,0.4761904761904761,-0.43290043290043306,0.43290043290043306,0.0909090909090909,0.4761904761904761,0.3852813852813852,0.3852813852813852,3364.3636363636365,2568.714285714286,-0.1,0.9,-0.1,0.0,0.25,
fresh_positive,0.7,0.85,492,573,0.9090909090909092,0.4761904761904761,-0.43290043290043306,0.43290043290043306,0.0909090909090909,0.4761904761904761,0.3852813852813852,0.3852813852813852,3441.7272727272725,2683.809523809524,0.0,0.9,-0.25,0.25,0.25,
previous_negative,-0.25,-0.1,81,90,0.9090909090909092,0.4761904761904761,-0.43290043290043306,0.43290043290043306,0.0909090909090909,0.4761904761904761,0.3852813852813852,0.3852813852813852,3474.0,2568.714285714286,-0.1,0.9,,0.0,0.25,0.85
previous_p_positive,0.25,0.5,546,547,0.625,0.196078431372549,-0.428921568627451,0.428921568627451,0.375,0.803921568627451,0.428921568627451,0.428921568627451,2654.3125,1278.7843137254902,0.0,0.995,-0.25,0.25,,0.7
fresh_p_positive,0.9,0.97,21,48,0.7142857142857143,0.2941176470588235,-0.4201680672268908,0.4201680672268908,0.2857142857142857,0.6470588235294118,0.3613445378151261,0.3613445378151261,2905.5,1674.9411764705883,-0.1,,0.0,0.1,0.25,0.7
previous_negative,-0.25,-0.1,546,555,0.625,0.2083333333333333,-0.41666666666666674,0.41666666666666674,0.375,0.7708333333333334,0.39583333333333337,0.39583333333333337,2654.3125,1378.2291666666667,0.0,0.995,,0.25,0.25,0.7
previous_p_positive,0.25,0.5,543,544,0.8333333333333334,0.4166666666666667,-0.4166666666666667,0.4166666666666667,0.1666666666666666,0.5833333333333334,0.41666666666666674,0.41666666666666674,3081.1666666666665,2065.6666666666665,0.0,0.995,-0.25,0.1,,0.7
fresh_p_positive,0.9,0.97,247,274,0.8333333333333334,0.4166666666666667,-0.4166666666666667,0.4166666666666667,0.1666666666666666,0.5416666666666666,0.375,0.375,3245.25,2300.0,-0.02,,-0.25,0.1,0.5,0.7
previous_p_positive,0.25,0.5,273,274,0.8333333333333334,0.4166666666666667,-0.4166666666666667,0.4166666666666667,0.1666666666666666,0.5416666666666666,0.375,0.375,3268.833333333333,2300.0,-0.02,0.97,-0.25,0.1,,0.7
previous_p_positive,0.5,0.75,55,56,0.8333333333333334,0.4166666666666667,-0.4166666666666667,0.4166666666666667,0.1666666666666666,0.4583333333333333,0.29166666666666674,0.29166666666666674,3161.583333333333,2425.75,-0.1,0.995,-0.25,0.0,,0.7
fresh_positive,0.7,0.85,504,585,0.6666666666666666,0.25,-0.41666666666666663,0.41666666666666663,0.3333333333333333,0.725,0.39166666666666666,0.39166666666666666,2761.733333333333,1401.175,0.0,0.9,0.0,0.0,0.25,
fresh_positive,0.7,0.85,297,378,0.9090909090909092,0.5,-0.40909090909090917,0.40909090909090917,0.0909090909090909,0.5,0.4090909090909091,0.4090909090909091,3354.090909090909,2254.05,-0.02,0.995,-0.25,0.0,0.25,
fresh_p_positive,0.9,0.97,492,519,0.9090909090909092,0.5,-0.40909090909090917,0.40909090909090917,0.0909090909090909,0.5,0.4090909090909091,0.4090909090909091,3441.7272727272725,2304.65,0.0,,-0.25,0.25,0.25,0.7
previous_p_positive,0.25,0.5,492,493,0.9090909090909092,0.5,-0.40909090909090917,0.40909090909090917,0.0909090909090909,0.5,0.4090909090909091,0.4090909090909091,3441.7272727272725,2446.5,0.0,0.9,-0.25,0.25,,0.7
previous_p_positive,0.5,0.75,13,14,0.9090909090909092,0.5,-0.40909090909090917,0.40909090909090917,0.0909090909090909,0.5,0.4090909090909091,0.4090909090909091,3447.0,2508.05,-0.1,0.9,-0.1,0.1,,0.7
fresh_positive,0.7,0.85,63,144,0.625,0.217391304347826,-0.407608695652174,0.407608695652174,0.25,0.7608695652173914,0.5108695652173914,0.5108695652173914,2822.875,1147.3695652173913,-0.1,0.995,-0.1,0.0,0.25,
fresh_positive,0.7,0.85,496,577,0.6666666666666666,0.2631578947368421,-0.40350877192982454,0.40350877192982454,0.3333333333333333,0.7368421052631579,0.40350877192982454,0.40350877192982454,2728.0666666666666,1544.157894736842,0.0,0.9,-0.1,0.0,0.5,
fresh_positive,0.7,0.85,306,387,0.625,0.2222222222222222,-0.4027777777777778,0.4027777777777778,0.3125,0.7777777777777778,0.4652777777777778,0.4652777777777778,2781.6875,963.6666666666666,-0.02,0.995,-0.1,0.0,0.25,
fresh_positive,0.7,0.85,546,627,0.625,0.2222222222222222,-0.4027777777777778,0.4027777777777778,0.375,0.7777777777777778,0.4027777777777778,0.4027777777777778,2654.3125,1201.4666666666667,0.0,0.995,-0.25,0.25,0.25,
fresh_positive,0.7,0.85,501,582,0.625,0.2222222222222222,-0.4027777777777778,0.4027777777777778,0.375,0.7777777777777778,0.4027777777777778,0.4027777777777778,2730.3125,1467.8444444444444,0.0,0.9,-0.1,0.25,0.25,
previous_p_positive,0.25,0.5,276,277,0.625,0.2222222222222222,-0.4027777777777778,0.4027777777777778,0.375,0.7555555555555555,0.38055555555555554,0.38055555555555554,3079.8125,1433.3111111111111,-0.02,0.97,-0.25,0.25,,0.7
fresh_p_positive,0.9,0.97,501,528,0.625,0.2222222222222222,-0.4027777777777778,0.4027777777777778,0.375,0.7333333333333333,0.3583333333333333,0.3583333333333333,2730.3125,1580.3555555555556,0.0,,-0.1,0.25,0.25,0.7
previous_negative,-0.25,-0.1,324,333,0.7692307692307693,0.3703703703703703,-0.398860398860399,0.398860398860399,0.2307692307692307,0.6296296296296297,0.3988603988603989,0.3988603988603989,3129.769230769231,1905.6666666666667,-0.02,0.9,,0.0,0.25,0.85
fresh_positive,0.7,0.85,255,336,0.8333333333333334,0.4347826086956521,-0.39855072463768126,0.39855072463768126,0.0833333333333333,0.5652173913043478,0.48188405797101447,0.48188405797101447,3620.75,1797.0,-0.02,0.9,-0.1,0.1,0.25,
fresh_positive,0.7,0.85,273,354,0.8333333333333334,0.4347826086956521,-0.39855072463768126,0.39855072463768126,0.1666666666666666,0.5652173913043478,0.39855072463768115,0.39855072463768115,3268.833333333333,1886.5652173913045,-0.02,0.97,-0.25,0.1,0.25,
fresh_positive,0.7,0.85,513,594,0.8333333333333334,0.4347826086956521,-0.39855072463768126,0.39855072463768126,0.1666666666666666,0.5652173913043478,0.39855072463768115,0.39855072463768115,3268.833333333333,2116.086956521739,0.0,0.97,-0.25,0.0,0.25,
fresh_positive,0.7,0.85,487,568,0.8333333333333334,0.4347826086956521,-0.39855072463768126,0.39855072463768126,0.1666666666666666,0.5652173913043478,0.39855072463768115,0.39855072463768115,3362.1666666666665,2573.304347826087,0.0,0.9,-0.25,0.0,0.5,
fresh_positive,0.7,0.85,495,576,0.8333333333333334,0.4347826086956521,-0.39855072463768126,0.39855072463768126,0.1666666666666666,0.5652173913043478,0.39855072463768115,0.39855072463768115,3363.4166666666665,1858.0869565217392,0.0,0.9,-0.1,0.0,0.25,
fresh_positive,0.7,0.85,5,86,0.8333333333333334,0.4347826086956521,-0.39855072463768126,0.39855072463768126,0.1666666666666666,0.5217391304347826,0.35507246376811596,0.35507246376811596,3116.25,2181.826086956521,-0.1,0.9,-0.25,0.1,0.75,
fresh_p_positive,0.9,0.97,11,38,0.8333333333333334,0.4347826086956521,-0.39855072463768126,0.39855072463768126,0.1666666666666666,0.5217391304347826,0.35507246376811596,0.35507246376811596,3366.6666666666665,2021.782608695652,-0.1,,-0.1,0.0,0.75,0.7
previous_negative,-0.25,-0.1,543,552,0.8333333333333334,0.4347826086956521,-0.39855072463768126,0.39855072463768126,0.1666666666666666,0.4782608695652174,0.3115942028985508,0.3115942028985508,3081.1666666666665,2357.6521739130435,0.0,0.995,,0.1,0.25,0.7
previous_negative,-0.1,0.0,498,507,0.8333333333333334,0.4347826086956521,-0.39855072463768126,0.39855072463768126,0.1666666666666666,0.4782608695652174,0.3115942028985508,0.3115942028985508,3285.4166666666665,2469.5652173913045,0.0,0.9,,0.1,0.25,0.7
fresh_p_positive,0.9,0.97,82,109,0.625,0.2272727272727272,-0.3977272727272728,0.3977272727272728,0.375,0.75,0.375,0.375,3142.4375,1331.3636363636365,-0.1,,-0.25,0.0,0.5,0.85
fresh_p_positive,0.9,0.97,330,357,0.625,0.238095238095238,-0.386904761904762,0.386904761904762,0.375,0.7142857142857143,0.3392857142857143,0.3392857142857143,2671.625,1444.6190476190477,-0.02,,-0.25,0.25,0.25,0.85
fresh_positive,0.7,0.85,276,357,0.625,0.238095238095238,-0.386904761904762,0.386904761904762,0.375,0.7142857142857143,0.3392857142857143,0.3392857142857143,3079.8125,1444.6190476190477,-0.02,0.97,-0.25,0.25,0.25,
previous_p_positive,0.25,0.5,15,16,0.9090909090909092,0.5263157894736842,-0.382775119617225,0.382775119617225,0.0909090909090909,0.4736842105263157,0.3827751196172248,0.3827751196172248,3408.090909090909,2573.1052631578946,-0.1,0.9,-0.1,0.25,,0.7
previous_positive,0.1,0.25,13,16,0.9090909090909092,0.5263157894736842,-0.382775119617225,0.382775119617225,0.0909090909090909,0.4736842105263157,0.3827751196172248,0.3827751196172248,3447.0,2573.1052631578946,-0.1,0.9,-0.1,,0.5,0.7
fresh_positive,0.7,0.85,4,85,0.9090909090909092,0.5263157894736842,-0.382775119617225,0.382775119617225,0.0909090909090909,0.4736842105263157,0.3827751196172248,0.3827751196172248,3523.090909090909,2598.684210526316,-0.1,0.9,-0.25,0.1,0.5,
fresh_positive,0.7,0.85,261,342,0.7142857142857143,0.3333333333333333,-0.380952380952381,0.380952380952381,0.2857142857142857,0.6666666666666666,0.38095238095238093,0.38095238095238093,2917.214285714286,1736.2,-0.02,0.9,0.0,0.0,0.25,
fresh_p_positive,0.9,0.97,24,51,0.5882352941176471,0.2083333333333333,-0.3799019607843138,0.3799019607843138,0.2941176470588235,0.7916666666666666,0.49754901960784315,0.49754901960784315,2954.470588235294,1136.3541666666667,-0.1,,0.0,0.25,0.25,0.7
previous_negative,-0.25,-0.1,702,711,0.5882352941176471,0.2083333333333333,-0.3799019607843138,0.3799019607843138,0.4117647058823529,0.7916666666666666,0.3799019607843137,0.3799019607843137,2379.3529411764707,909.0208333333334,0.0,0.995,,0.0,0.25,1.0
fresh_positive,0.7,0.85,497,578,0.625,0.25,-0.375,0.375,0.25,0.75,0.5,0.5,3053.125,1365.8,0.0,0.9,-0.1,0.0,0.75,
fresh_p_positive,0.9,0.97,87,114,0.625,0.25,-0.375,0.375,0.3125,0.75,0.4375,0.4375,2722.3125,1362.975,-0.1,,-0.25,0.25,0.25,0.85
fresh_positive,0.7,0.85,541,622,0.625,0.25,-0.375,0.375,0.3125,0.75,0.4375,0.4375,2755.875,1281.525,0.0,0.995,-0.25,0.0,0.5,
previous_negative,-0.25,-0.1,570,579,0.625,0.25,-0.375,0.375,0.375,0.75,0.375,0.375,2562.5625,1423.85,0.0,0.9,,0.1,0.25,0.85
fresh_positive,0.7,0.85,254,335,0.625,0.25,-0.375,0.375,0.375,0.75,0.375,0.375,2630.0,1622.05,-0.02,0.9,-0.1,0.0,0.75,
fresh_positive,0.7,0.85,263,344,0.625,0.25,-0.375,0.375,0.375,0.75,0.375,0.375,2877.125,1300.725,-0.02,0.9,0.0,0.0,0.75,
fresh_positive,0.7,0.85,1,82,1.0,0.625,-0.375,0.375,0.0,0.375,0.375,0.375,3680.0,3142.4375,-0.1,0.9,-0.25,0.0,0.5,
fresh_positive,0.7,0.85,249,330,1.0,0.625,-0.375,0.375,0.0,0.375,0.375,0.375,3680.0,2671.625,-0.02,0.9,-0.25,0.25,0.25,
fresh_p_positive,0.9,0.97,249,276,1.0,0.625,-0.375,0.375,0.0,0.375,0.375,0.375,3680.0,3079.8125,-0.02,,-0.25,0.25,0.25,0.7
fresh_positive,0.7,0.85,6,87,1.0,0.625,-0.375,0.375,0.0,0.3125,0.3125,0.3125,3680.0,2722.3125,-0.1,0.9,-0.25,0.25,0.25,
fresh_p_positive,0.9,0.97,244,271,1.0,0.625,-0.375,0.375,0.0,0.3125,0.3125,0.3125,3680.0,2955.0,-0.02,,-0.25,0.0,0.5,0.7
fresh_positive,0.7,0.85,271,352,0.625,0.2631578947368421,-0.3618421052631579,0.3618421052631579,0.3125,0.7105263157894737,0.3980263157894737,0.3980263157894737,2955.0,1469.2105263157894,-0.02,0.97,-0.25,0.0,0.5,
fresh_p_positive,0.9,0.97,22,49,0.5555555555555556,0.196078431372549,-0.3594771241830066,0.3594771241830066,0.3888888888888889,0.7843137254901961,0.3954248366013072,0.3954248366013072,2896.6666666666665,1189.3333333333333,-0.1,,0.0,0.1,0.5,0.7
fresh_positive,0.7,0.85,272,353,0.5555555555555556,0.196078431372549,-0.3594771241830066,0.3594771241830066,0.4444444444444444,0.803921568627451,0.3594771241830066,0.3594771241830066,2407.6111111111118,1074.6666666666667,-0.02,0.97,-0.25,0.0,0.75,
fresh_negative,-0.1,-0.02,5,248,0.8333333333333334,0.4761904761904761,-0.35714285714285726,0.35714285714285726,0.1666666666666666,0.5238095238095238,0.3571428571428572,0.3571428571428572,3116.25,2340.2380952380954,,0.9,-0.25,0.1,0.75,0.7
fresh_positive,0.7,0.85,54,135,0.8333333333333334,0.4761904761904761,-0.35714285714285726,0.35714285714285726,0.1666666666666666,0.5238095238095238,0.3571428571428572,0.3571428571428572,3135.5,2130.714285714286,-0.1,0.995,-0.25,0.0,0.25,
fresh_positive,0.7,0.85,247,328,0.8333333333333334,0.4761904761904761,-0.35714285714285726,0.35714285714285726,0.1666666666666666,0.5238095238095238,0.3571428571428572,0.3571428571428572,3245.25,2230.714285714286,-0.02,0.9,-0.25,0.1,0.5,
previous_p_positive,0.5,0.75,247,248,0.8333333333333334,0.4761904761904761,-0.35714285714285726,0.35714285714285726,0.1666666666666666,0.5238095238095238,0.3571428571428572,0.3571428571428572,3245.25,2340.2380952380954,-0.02,0.9,-0.25,0.1,,0.7
previous_p_positive,0.25,0.5,30,31,0.8333333333333334,0.4761904761904761,-0.35714285714285726,0.35714285714285726,0.1666666666666666,0.5238095238095238,0.3571428571428572,0.3571428571428572,3372.0,2171.0476190476197,-0.1,0.97,-0.25,0.1,,0.7
previous_negative,-0.1,0.0,255,264,0.8333333333333334,0.4761904761904761,-0.35714285714285726,0.35714285714285726,0.0833333333333333,0.4285714285714285,0.3452380952380952,0.3452380952380952,3620.75,2451.285714285714,-0.02,0.9,,0.1,0.25,0.7
fresh_positive,0.7,0.85,299,380,0.5555555555555556,0.2,-0.35555555555555557,0.35555555555555557,0.4444444444444444,0.8,0.3555555555555556,0.3555555555555556,2192.6111111111118,938.06,-0.02,0.995,-0.25,0.0,0.75,
fresh_positive,0.7,0.85,515,596,0.5555555555555556,0.2,-0.35555555555555557,0.35555555555555557,0.4444444444444444,0.8,0.3555555555555556,0.3555555555555556,2193.5,1018.88,0.0,0.97,-0.25,0.0,0.75,
previous_positive,0.0,0.1,299,302,0.5555555555555556,0.2,-0.35555555555555557,0.35555555555555557,0.4444444444444444,0.78,0.3355555555555556,0.3355555555555556,2192.6111111111118,1341.88,-0.02,0.995,-0.25,,0.75,0.7
fresh_p_positive,0.9,0.97,10,37,0.9090909090909092,0.5555555555555556,-0.3535353535353536,0.3535353535353536,0.0909090909090909,0.4444444444444444,0.35353535353535354,0.35353535353535354,3345.909090909091,2420.9444444444443,-0.1,,-0.1,0.0,0.5,0.7
fresh_p_positive,0.9,0.97,245,272,0.9090909090909092,0.5555555555555556,-0.3535353535353536,0.3535353535353536,0.0909090909090909,0.4444444444444444,0.35353535353535354,0.35353535353535354,3353.6363636363635,2407.6111111111118,-0.02,,-0.25,0.0,0.75,0.7
fresh_p_positive,0.9,0.97,9,36,0.9090909090909092,0.5555555555555556,-0.3535353535353536,0.3535353535353536,0.0909090909090909,0.4444444444444444,0.35353535353535354,0.35353535353535354,3364.3636363636365,2614.1111111111118,-0.1,,-0.1,0.0,0.25,0.7
fresh_positive,0.7,0.85,27,108,0.9090909090909092,0.5555555555555556,-0.3535353535353536,0.3535353535353536,0.0909090909090909,0.4444444444444444,0.35353535353535354,0.35353535353535354,3369.7272727272725,2233.777777777778,-0.1,0.97,-0.25,0.0,0.25,
previous_negative,-0.25,-0.1,27,36,0.9090909090909092,0.5555555555555556,-0.3535353535353536,0.3535353535353536,0.0909090909090909,0.4444444444444444,0.35353535353535354,0.35353535353535354,3369.7272727272725,2614.1111111111118,-0.1,0.97,,0.0,0.25,0.7
fresh_p_positive,0.9,0.97,81,108,0.9090909090909092,0.5555555555555556,-0.3535353535353536,0.3535353535353536,0.0909090909090909,0.4444444444444444,0.35353535353535354,0.35353535353535354,3474.0,2233.777777777778,-0.1,,-0.25,0.0,0.25,0.85
fresh_positive,0.7,0.85,486,567,0.9090909090909092,0.5555555555555556,-0.3535353535353536,0.3535353535353536,0.0909090909090909,0.4444444444444444,0.35353535353535354,0.35353535353535354,3491.7272727272725,2646.3888888888887,0.0,0.9,-0.25,0.0,0.25,
previous_negative,-0.25,-0.1,270,279,0.9090909090909092,0.5555555555555556,-0.3535353535353536,0.3535353535353536,0.0909090909090909,0.3888888888888889,0.297979797979798,0.297979797979798,3353.818181818182,2590.777777777778,-0.02,0.97,,0.0,0.25,0.7
fresh_negative,-0.1,-0.02,13,256,0.9090909090909092,0.5555555555555556,-0.3535353535353536,0.3535353535353536,0.0909090909090909,0.3888888888888889,0.297979797979798,0.297979797979798,3447.0,2811.333333333333,,0.9,-0.1,0.1,0.5,0.7
previous_negative,-0.1,0.0,13,22,0.9090909090909092,0.5555555555555556,-0.3535353535353536,0.3535353535353536,0.0909090909090909,0.3888888888888889,0.297979797979798,0.297979797979798,3447.0,2896.6666666666665,-0.1,0.9,,0.1,0.5,0.7
previous_p_positive,0.25,0.5,405,406,0.7692307692307693,0.4166666666666667,-0.3525641025641026,0.3525641025641026,0.2307692307692307,0.5833333333333334,0.35256410256410264,0.35256410256410264,2927.230769230769,2017.75,-0.02,0.9,-0.25,0.0,,1.0
previous_negative,-0.25,-0.1,60,69,0.5555555555555556,0.2040816326530612,-0.35147392290249435,0.35147392290249435,0.3888888888888889,0.7959183673469388,0.4070294784580499,0.4070294784580499,2510.055555555556,1352.7755102040817,-0.1,0.995,,0.25,0.25,0.7
previous_p_positive,0.25,0.5,60,61,0.5555555555555556,0.2040816326530612,-0.35147392290249435,0.35147392290249435,0.3888888888888889,0.7959183673469388,0.4070294784580499,0.4070294784580499,2510.055555555556,1380.2857142857142,-0.1,0.995,-0.25,0.25,,0.7
previous_negative,-0.25,-0.1,675,684,0.5555555555555556,0.2040816326530612,-0.35147392290249435,0.35147392290249435,0.4444444444444444,0.7959183673469388,0.35147392290249435,0.35147392290249435,2288.1666666666665,1063.2857142857142,0.0,0.97,,0.0,0.25,1.0
previous_negative,-0.25,-0.1,108,117,0.5555555555555556,0.2040816326530612,-0.35147392290249435,0.35147392290249435,0.4444444444444444,0.7755102040816326,0.3310657596371882,0.3310657596371882,2233.777777777778,1214.1020408163265,-0.1,0.97,,0.0,0.25,0.85
previous_positive,0.1,0.25,491,494,0.5555555555555556,0.2040816326530612,-0.35147392290249435,0.35147392290249435,0.4444444444444444,0.7755102040816326,0.3310657596371882,0.3310657596371882,2409.777777777778,1628.9591836734694,0.0,0.9,-0.25,,0.75,0.7
fresh_positive,0.7,0.85,37,118,0.5555555555555556,0.2040816326530612,-0.35147392290249435,0.35147392290249435,0.4444444444444444,0.7755102040816326,0.3310657596371882,0.3310657596371882,2420.9444444444443,1049.1020408163265,-0.1,0.97,-0.1,0.0,0.5,
fresh_positive,0.7,0.85,36,117,0.5555555555555556,0.2040816326530612,-0.35147392290249435,0.35147392290249435,0.4444444444444444,0.7755102040816326,0.3310657596371882,0.3310657596371882,2614.1111111111118,1214.1020408163265,-0.1,0.97,-0.1,0.0,0.25,
fresh_positive,0.7,0.85,60,141,0.5555555555555556,0.2083333333333333,-0.3472222222222223,0.3472222222222223,0.3888888888888889,0.7708333333333334,0.3819444444444445,0.3819444444444445,2510.055555555556,1159.0625,-0.1,0.995,-0.25,0.25,0.25,
fresh_positive,0.7,0.85,491,572,0.5555555555555556,0.2083333333333333,-0.3472222222222223,0.3472222222222223,0.4444444444444444,0.7916666666666666,0.3472222222222222,0.3472222222222222,2409.777777777778,1211.0416666666667,0.0,0.9,-0.25,0.1,0.75,
fresh_positive,0.7,0.85,20,101,0.7142857142857143,0.3703703703703703,-0.343915343915344,0.343915343915344,0.2142857142857142,0.6296296296296297,0.41534391534391546,0.41534391534391546,2989.3571428571427,1741.7777777777778,-0.1,0.9,0.0,0.0,0.75,
fresh_positive,0.7,0.85,252,333,0.7142857142857143,0.3703703703703703,-0.343915343915344,0.343915343915344,0.2142857142857142,0.6296296296296297,0.41534391534391546,0.41534391534391546,3232.6428571428573,1905.6666666666667,-0.02,0.9,-0.1,0.0,0.25,
previous_p_positive,0.25,0.5,168,169,0.7142857142857143,0.3703703703703703,-0.343915343915344,0.343915343915344,0.2857142857142857,0.6296296296296297,0.34391534391534395,0.34391534391534395,2930.214285714286,2031.5185185185185,-0.1,0.9,-0.25,0.25,,1.0
fresh_positive,0.7,0.85,253,334,0.7142857142857143,0.3703703703703703,-0.343915343915344,0.343915343915344,0.2857142857142857,0.6296296296296297,0.34391534391534395,0.34391534391534395,3091.3571428571427,1807.555555555556,-0.02,0.9,-0.1,0.0,0.5,
fresh_positive,0.7,0.85,21,102,0.7142857142857143,0.3703703703703703,-0.343915343915344,0.343915343915344,0.2857142857142857,0.5925925925925926,0.30687830687830686,0.30687830687830686,2905.5,1986.074074074074,-0.1,0.9,0.0,0.1,0.25,
fresh_p_positive,0.9,0.97,261,288,0.7142857142857143,0.3703703703703703,-0.343915343915344,0.343915343915344,0.2857142857142857,0.5925925925925926,0.30687830687830686,0.30687830687830686,2917.214285714286,1934.2962962962963,-0.02,,0.0,0.0,0.25,0.7
fresh_p_positive,0.9,0.97,17,44,0.4,0.059171597633136,-0.340828402366864,0.340828402366864,0.6,0.9289940828402368,0.3289940828402368,0.3289940828402368,2142.36,512.6272189349113,-0.1,,-0.1,0.25,0.75,0.7
fresh_positive,0.7,0.85,279,360,0.5555555555555556,0.217391304347826,-0.3381642512077296,0.3381642512077296,0.3888888888888889,0.782608695652174,0.39371980676328505,0.39371980676328505,2590.777777777778,1053.4565217391305,-0.02,0.97,-0.1,0.0,0.25,
fresh_positive,0.7,0.85,307,388,0.5555555555555556,0.217391304347826,-0.3381642512077296,0.3381642512077296,0.3888888888888889,0.7608695652173914,0.37198067632850246,0.37198067632850246,2368.9444444444443,952.2608695652174,-0.02,0.995,-0.1,0.0,0.5,
fresh_positive,0.7,0.85,522,603,0.5555555555555556,0.217391304347826,-0.3381642512077296,0.3381642512077296,0.4444444444444444,0.7608695652173914,0.31642512077294693,0.31642512077294693,2383.722222222222,1135.3260869565215,0.0,0.97,-0.1,0.0,0.25,
fresh_positive,0.7,0.85,499,580,0.5555555555555556,0.217391304347826,-0.3381642512077296,0.3381642512077296,0.4444444444444444,0.7608695652173914,0.31642512077294693,0.31642512077294693,2674.277777777778,1433.0217391304348,0.0,0.9,-0.1,0.1,0.5,
previous_positive,0.0,0.1,515,518,0.5555555555555556,0.217391304347826,-0.3381642512077296,0.3381642512077296,0.4444444444444444,0.7391304347826086,0.2946859903381642,0.2946859903381642,2193.5,1480.6521739130435,0.0,0.97,-0.25,,0.75,0.7
previous_p_positive,0.25,0.5,33,34,0.5555555555555556,0.217391304347826,-0.3381642512077296,0.3381642512077296,0.4444444444444444,0.7391304347826086,0.2946859903381642,0.2946859903381642,2387.333333333333,1635.0,-0.1,0.97,-0.25,0.25,,0.7
previous_positive,0.0,0.1,272,275,0.5555555555555556,0.217391304347826,-0.3381642512077296,0.3381642512077296,0.4444444444444444,0.7391304347826086,0.2946859903381642,0.2946859903381642,2407.6111111111118,1385.5652173913045,-0.02,0.97,-0.25,,0.75,0.7
fresh_p_positive,0.9,0.97,491,518,0.5555555555555556,0.217391304347826,-0.3381642512077296,0.3381642512077296,0.4444444444444444,0.7391304347826086,0.2946859903381642,0.2946859903381642,2409.777777777778,1480.6521739130435,0.0,,-0.25,0.1,0.75,0.7
fresh_positive,0.7,0.85,73,154,0.4761904761904761,0.1388888888888889,-0.3373015873015872,0.3373015873015872,0.5238095238095238,0.8611111111111112,0.3373015873015873,0.3373015873015873,2150.190476190476,690.5694444444445,-0.1,0.995,0.0,0.0,0.5,
fresh_p_positive,0.9,0.97,324,351,0.7692307692307693,0.4347826086956521,-0.33444816053511717,0.33444816053511717,0.2307692307692307,0.5652173913043478,0.33444816053511706,0.33444816053511706,3129.769230769231,2070.8695652173915,-0.02,,-0.25,0.0,0.25,0.85
fresh_p_positive,0.9,0.97,16,43,0.5263157894736842,0.1923076923076923,-0.3340080971659919,0.3340080971659919,0.4736842105263157,0.8076923076923077,0.334008097165992,0.334008097165992,2573.1052631578946,1028.423076923077,-0.1,,-0.1,0.25,0.5,0.7
fresh_p_positive,0.9,0.97,255,282,0.8333333333333334,0.5,-0.33333333333333337,0.33333333333333337,0.0833333333333333,0.5,0.4166666666666667,0.4166666666666667,3620.75,2160.4,-0.02,,-0.1,0.1,0.25,0.7
fresh_p_positive,0.9,0.97,250,277,0.5555555555555556,0.2222222222222222,-0.33333333333333337,0.33333333333333337,0.3888888888888889,0.7555555555555555,0.36666666666666664,0.36666666666666664,2774.333333333333,1433.3111111111111,-0.02,,-0.25,0.25,0.5,0.7
fresh_positive,0.7,0.85,256,337,0.5555555555555556,0.2222222222222222,-0.33333333333333337,0.33333333333333337,0.3888888888888889,0.7555555555555555,0.36666666666666664,0.36666666666666664,2811.333333333333,1477.8666666666666,-0.02,0.9,-0.1,0.1,0.5,
previous_negative,-0.25,-0.1,5,14,0.8333333333333334,0.5,-0.33333333333333337,0.33333333333333337,0.1666666666666666,0.5,0.33333333333333337,0.33333333333333337,3116.25,2508.05,-0.1,0.9,,0.1,0.75,0.7
previous_negative,-0.25,-0.1,273,282,0.8333333333333334,0.5,-0.33333333333333337,0.33333333333333337,0.1666666666666666,0.5,0.33333333333333337,0.33333333333333337,3268.833333333333,2160.4,-0.02,0.97,,0.1,0.25,0.7
previous_positive,0.0,0.1,11,14,0.8333333333333334,0.5,-0.33333333333333337,0.33333333333333337,0.1666666666666666,0.5,0.33333333333333337,0.33333333333333337,3366.6666666666665,2508.05,-0.1,0.9,-0.1,,0.75,0.7
fresh_p_positive,0.9,0.97,162,189,0.8333333333333334,0.5,-0.33333333333333337,0.33333333333333337,0.1666666666666666,0.5,0.33333333333333337,0.33333333333333337,3372.333333333333,2387.75,-0.1,,-0.25,0.0,0.25,1.0
fresh_negative,-0.1,-0.02,19,262,0.8333333333333334,0.5,-0.33333333333333337,0.33333333333333337,0.1666666666666666,0.5,0.33333333333333337,0.33333333333333337,3393.5,2542.2,,0.9,0.0,0.0,0.5,0.7
fresh_p_positive,0.9,0.97,1,28,1.0,0.6666666666666666,-0.33333333333333337,0.33333333333333337,0.0,0.3333333333333333,0.3333333333333333,0.3333333333333333,3680.0,2903.5333333333333,-0.1,,-0.25,0.0,0.5,0.7
fresh_positive,0.7,0.85,3,84,1.0,0.6666666666666666,-0.33333333333333337,0.33333333333333337,0.0,0.2666666666666666,0.2666666666666666,0.2666666666666666,3680.0,3403.9333333333334,-0.1,0.9,-0.25,0.1,0.25,
previous_negative,-0.25,-0.1,249,258,1.0,0.6666666666666666,-0.33333333333333337,0.33333333333333337,0.0,0.2666666666666666,0.2666666666666666,0.2666666666666666,3680.0,2831.4,-0.02,0.9,,0.25,0.25,0.7
fresh_p_positive,0.9,0.97,26,53,0.4,0.0671140939597315,-0.3328859060402685,0.3328859060402685,0.6,0.9328859060402684,0.33288590604026846,0.33288590604026846,1808.16,416.4295302013423,-0.1,,0.0,0.25,0.75,0.7
fresh_p_positive,0.9,0.97,86,113,0.4347826086956521,0.1030927835051546,-0.3316898251904975,0.3316898251904975,0.5217391304347826,0.8969072164948454,0.3751680860600628,0.3751680860600628,2181.826086956521,665.8556701030927,-0.1,,-0.25,0.1,0.75,0.85
previous_negative,-0.25,-0.1,465,474,0.4,0.0714285714285714,-0.3285714285714286,0.3285714285714286,0.6,0.9214285714285714,0.3214285714285714,0.3214285714285714,1678.44,470.7642857142857,-0.02,0.995,,0.25,0.25,1.0
previous_p_positive,0.25,0.5,108,109,0.5555555555555556,0.2272727272727272,-0.3282828282828284,0.3282828282828284,0.4444444444444444,0.75,0.3055555555555556,0.3055555555555556,2233.777777777778,1331.3636363636365,-0.1,0.97,-0.25,0.0,,0.85
fresh_positive,0.7,0.85,506,587,0.5555555555555556,0.2272727272727272,-0.3282828282828284,0.3282828282828284,0.4444444444444444,0.7272727272727273,0.2828282828282829,0.2828282828282829,2494.6111111111118,1367.6136363636365,0.0,0.9,0.0,0.0,0.75,
fresh_positive,0.7,0.85,24,105,0.5882352941176471,0.2631578947368421,-0.325077399380805,0.325077399380805,0.2941176470588235,0.7368421052631579,0.44272445820433437,0.44272445820433437,2954.470588235294,1518.4473684210527,-0.1,0.9,0.0,0.25,0.25,
fresh_p_positive,0.9,0.97,163,190,0.5882352941176471,0.2631578947368421,-0.325077399380805,0.325077399380805,0.4117647058823529,0.7368421052631579,0.32507739938080493,0.32507739938080493,2467.0,1315.921052631579,-0.1,,-0.25,0.0,0.5,1.0
previous_negative,-0.25,-0.1,408,417,0.5882352941176471,0.2631578947368421,-0.325077399380805,0.325077399380805,0.4117647058823529,0.7368421052631579,0.32507739938080493,0.32507739938080493,2683.6470588235293,1201.0526315789473,-0.02,0.9,,0.1,0.25,1.0
previous_p_positive,0.5,0.75,250,251,0.5555555555555556,0.2325581395348837,-0.3229974160206719,0.3229974160206719,0.3888888888888889,0.7441860465116279,0.355297157622739,0.355297157622739,2774.333333333333,1637.3720930232555,-0.02,0.9,-0.25,0.25,,0.7
previous_negative,-0.1,0.0,15,24,0.9090909090909092,0.5882352941176471,-0.3208556149732621,0.3208556149732621,0.0909090909090909,0.2941176470588235,0.2032085561497326,0.2032085561497326,3408.090909090909,2954.470588235294,-0.1,0.9,,0.25,0.25,0.7
fresh_p_positive,0.9,0.97,85,112,0.5263157894736842,0.2083333333333333,-0.3179824561403509,0.3179824561403509,0.4736842105263157,0.7916666666666666,0.3179824561403509,0.3179824561403509,2598.684210526316,1165.25,-0.1,,-0.25,0.1,0.5,0.85
fresh_positive,0.7,0.85,549,630,0.5555555555555556,0.238095238095238,-0.31746031746031755,0.31746031746031755,0.3888888888888889,0.7619047619047619,0.37301587301587297,0.37301587301587297,2762.555555555556,997.3333333333334,0.0,0.995,-0.1,0.0,0.25,
fresh_positive,0.7,0.85,559,640,0.4761904761904761,0.1612903225806451,-0.31490015360983103,0.31490015360983103,0.4761904761904761,0.8387096774193549,0.36251920122887876,0.36251920122887876,2198.5238095238096,772.2096774193549,0.0,0.995,0.0,0.0,0.5,
previous_negative,-0.25,-0.1,192,201,0.4761904761904761,0.1612903225806451,-0.31490015360983103,0.31490015360983103,0.5238095238095238,0.8387096774193549,0.31490015360983103,0.31490015360983103,1999.2857142857144,847.483870967742,-0.1,0.97,,0.1,0.25,1.0
fresh_positive,0.7,0.85,490,571,0.7142857142857143,0.4,-0.3142857142857143,0.3142857142857143,0.2857142857142857,0.6,0.3142857142857143,0.3142857142857143,2845.785714285714,2028.6,0.0,0.9,-0.25,0.1,0.5,
fresh_p_positive,0.9,0.97,168,195,0.7142857142857143,0.4,-0.3142857142857143,0.3142857142857143,0.2857142857142857,0.6,0.3142857142857143,0.3142857142857143,2930.214285714286,1800.56,-0.1,,-0.25,0.25,0.25,1.0
fresh_positive,0.7,0.85,57,138,0.7142857142857143,0.4,-0.3142857142857143,0.3142857142857143,0.2857142857142857,0.6,0.3142857142857143,0.3142857142857143,3108.714285714286,2129.04,-0.1,0.995,-0.25,0.1,0.25,
previous_positive,0.0,0.1,298,301,0.7142857142857143,0.4,-0.3142857142857143,0.3142857142857143,0.2857142857142857,0.56,0.27428571428571435,0.27428571428571435,2837.285714285714,1917.52,-0.02,0.995,-0.25,,0.5,0.7
previous_p_positive,0.25,0.5,57,58,0.7142857142857143,0.4,-0.3142857142857143,0.3142857142857143,0.2857142857142857,0.56,0.27428571428571435,0.27428571428571435,3108.714285714286,2167.08,-0.1,0.995,-0.25,0.1,,0.7
fresh_positive,0.7,0.85,317,398,0.5,0.1886792452830188,-0.3113207547169812,0.3113207547169812,0.5,0.8113207547169812,0.3113207547169812,0.3113207547169812,1963.5,819.2264150943396,-0.02,0.995,0.0,0.0,0.75,
fresh_positive,0.7,0.85,64,145,0.5263157894736842,0.217391304347826,-0.3089244851258582,0.3089244851258582,0.4210526315789473,0.782608695652174,0.36155606407322666,0.36155606407322666,2541.157894736842,946.4130434782608,-0.1,0.995,-0.1,0.0,0.5,
previous_negative,-0.25,-0.1,7,16,0.8333333333333334,0.5263157894736842,-0.3070175438596492,0.3070175438596492,0.1666666666666666,0.4736842105263157,0.3070175438596491,0.3070175438596491,3318.833333333333,2573.1052631578946,-0.1,0.9,,0.25,0.5,0.7
previous_negative,-0.25,-0.1,55,64,0.8333333333333334,0.5263157894736842,-0.3070175438596492,0.3070175438596492,0.1666666666666666,0.4210526315789473,0.2543859649122807,0.2543859649122807,3161.583333333333,2541.157894736842,-0.1,0.995,,0.0,0.5,0.7
previous_negative,-0.25,-0.1,648,657,0.5555555555555556,0.25,-0.3055555555555556,0.3055555555555556,0.3888888888888889,0.75,0.3611111111111111,0.3611111111111111,2598.333333333333,1351.025,0.0,0.9,,0.0,0.25,1.0
previous_positive,0.0,0.1,307,310,0.5555555555555556,0.25,-0.3055555555555556,0.3055555555555556,0.3888888888888889,0.725,0.3361111111111111,0.3361111111111111,2368.9444444444443,1303.25,-0.02,0.995,-0.1,,0.5,0.7
fresh_p_positive,0.9,0.97,256,283,0.5555555555555556,0.25,-0.3055555555555556,0.3055555555555556,0.3888888888888889,0.725,0.3361111111111111,0.3361111111111111,2811.333333333333,1433.275,-0.02,,-0.1,0.1,0.5,0.7
fresh_positive,0.7,0.85,33,114,0.5555555555555556,0.25,-0.3055555555555556,0.3055555555555556,0.4444444444444444,0.75,0.3055555555555556,0.3055555555555556,2387.333333333333,1362.975,-0.1,0.97,-0.25,0.25,0.25,
previous_negative,-0.1,0.0,37,46,0.5555555555555556,0.25,-0.3055555555555556,0.3055555555555556,0.4444444444444444,0.7,0.25555555555555554,0.25555555555555554,2420.9444444444443,1735.2,-0.1,0.97,,0.0,0.5,0.7
fresh_p_positive,0.9,0.97,25,52,0.4347826086956521,0.1298701298701298,-0.3049124788255223,0.3049124788255223,0.5652173913043478,0.8701298701298701,0.3049124788255223,0.3049124788255223,2243.608695652174,757.4545454545455,-0.1,,0.0,0.25,0.5,0.7
fresh_positive,0.7,0.85,517,598,0.5,0.196078431372549,-0.303921568627451,0.303921568627451,0.45,0.803921568627451,0.353921568627451,0.353921568627451,2235.85,1106.7254901960785,0.0,0.97,-0.25,0.1,0.5,
fresh_positive,0.7,0.85,265,346,0.5,0.2,-0.3,0.3,0.5,0.8,0.30000000000000004,0.30000000000000004,2159.55,1195.3,-0.02,0.9,0.0,0.1,0.5,
fresh_positive,0.7,0.85,282,363,0.5,0.2,-0.3,0.3,0.5,0.8,0.30000000000000004,0.30000000000000004,2160.4,1012.68,-0.02,0.97,-0.1,0.1,0.25,
previous_negative,-0.25,-0.1,189,198,0.5,0.2,-0.3,0.3,0.5,0.8,0.30000000000000004,0.30000000000000004,2387.75,1089.84,-0.1,0.97,,0.0,0.25,1.0
previous_negative,-0.25,-0.1,514,523,0.7142857142857143,0.4166666666666667,-0.2976190476190476,0.2976190476190476,0.2857142857142857,0.5416666666666666,0.25595238095238093,0.25595238095238093,2720.5,2131.0416666666665,0.0,0.97,,0.0,0.5,0.7
previous_negative,-0.25,-0.1,57,66,0.7142857142857143,0.4166666666666667,-0.2976190476190476,0.2976190476190476,0.2857142857142857,0.5,0.2142857142857143,0.2142857142857143,3108.714285714286,2343.5416666666665,-0.1,0.995,,0.1,0.25,0.7
fresh_p_positive,0.9,0.97,258,285,0.6666666666666666,0.3703703703703703,-0.29629629629629634,0.29629629629629634,0.2666666666666666,0.6296296296296297,0.36296296296296304,0.36296296296296304,2831.4,1780.3333333333333,-0.02,,-0.1,0.25,0.25,0.7
previous_p_positive,0.25,0.5,258,259,0.6666666666666666,0.3703703703703703,-0.29629629629629634,0.29629629629629634,0.2666666666666666,0.5925925925925926,0.32592592592592595,0.32592592592592595,2831.4,1969.888888888889,-0.02,0.9,-0.1,0.25,,0.7
fresh_positive,0.7,0.85,309,390,0.5,0.2040816326530612,-0.29591836734693877,0.29591836734693877,0.5,0.7959183673469388,0.29591836734693877,0.29591836734693877,2158.8,949.734693877551,-0.02,0.995,-0.1,0.1,0.25,
previous_positive,0.0,0.1,317,320,0.5,0.2040816326530612,-0.29591836734693877,0.29591836734693877,0.5,0.7755102040816326,0.2755102040816326,0.2755102040816326,1963.5,984.7755102040816,-0.02,0.995,0.0,,0.75,0.7
previous_negative,-0.25,-0.1,459,468,0.5,0.2040816326530612,-0.29591836734693877,0.29591836734693877,0.5,0.7755102040816326,0.2755102040816326,0.2755102040816326,2144.7,973.2244897959184,-0.02,0.995,,0.0,0.25,1.0
previous_p_positive,0.5,0.75,493,494,0.5,0.2040816326530612,-0.29591836734693877,0.29591836734693877,0.5,0.7755102040816326,0.2755102040816326,0.2755102040816326,2446.5,1628.9591836734694,0.0,0.9,-0.25,0.25,,0.7
fresh_positive,0.7,0.85,47,128,0.4347826086956521,0.1388888888888889,-0.2958937198067632,0.2958937198067632,0.5652173913043478,0.8472222222222222,0.2820048309178744,0.2820048309178744,1778.608695652174,811.2361111111111,-0.1,0.97,0.0,0.0,0.75,
fresh_positive,0.7,0.85,16,97,0.5263157894736842,0.2325581395348837,-0.2937576499388005,0.2937576499388005,0.4736842105263157,0.7674418604651163,0.2937576499388006,0.2937576499388006,2573.1052631578946,1484.1627906976744,-0.1,0.9,-0.1,0.25,0.5,
fresh_p_positive,0.9,0.97,405,432,0.7692307692307693,0.4761904761904761,-0.29304029304029316,0.29304029304029316,0.2307692307692307,0.5238095238095238,0.2930402930402931,0.2930402930402931,2927.230769230769,2214.4761904761904,-0.02,,-0.25,0.0,0.25,1.0
previous_p_positive,0.5,0.75,325,326,0.5555555555555556,0.2631578947368421,-0.2923976608187135,0.2923976608187135,0.4444444444444444,0.7368421052631579,0.29239766081871343,0.29239766081871343,2488.3888888888887,1543.1315789473683,-0.02,0.9,-0.25,0.0,,0.85
fresh_p_positive,0.9,0.97,499,526,0.5555555555555556,0.2631578947368421,-0.2923976608187135,0.2923976608187135,0.4444444444444444,0.7368421052631579,0.29239766081871343,0.29239766081871343,2674.277777777778,1634.4473684210527,0.0,,-0.1,0.1,0.5,0.7
