     shots,    errors,  discards, seconds,decoder,strong_id,json_metadata,custom_counts
       912,        26,         0,   190.8,relay-bp-paper-c0p000-w0p000,8f1d1c6452c1a6eff99e94c34b6b3ab070944f61834d8701a642fab25b4b7177,"{""A"":""x^3+y+y^2"",""B"":""y^3+x+x^2"",""basis"":""CX"",""basis_filter_applied"":""Z"",""circuit"":""bicycle_bivariate_144_12_12_memory_Z"",""distance"":""12"",""error_rate"":""0.003"",""noise_model"":""uniform_circuit"",""p"":0.003,""rounds"":""12"",""stim_path"":""/hpc/group/pfisterlab/mg551/storage/relay/relay/tests/testdata/bicycle_bivariate/circuit=bicycle_bivariate_144_12_12_memory_Z,distance=12,rounds=12,error_rate=0.003,noise_model=uniform_circuit,basis=CX,A=x^3+y+y^2,B=y^3+x+x^2.stim""}",
      1956,        17,         0,   141.4,relay-bp-paper-c0p100-w0p000,351cf34561aafd7a55421b8e6a8e301fe79885bb29a8b1cac16ea1f550f865aa,"{""A"":""x^3+y+y^2"",""B"":""y^3+x+x^2"",""basis"":""CX"",""basis_filter_applied"":""Z"",""circuit"":""bicycle_bivariate_144_12_12_memory_Z"",""distance"":""12"",""error_rate"":""0.003"",""noise_model"":""uniform_circuit"",""p"":0.003,""rounds"":""12"",""stim_path"":""/hpc/group/pfisterlab/mg551/storage/relay/relay/tests/testdata/bicycle_bivariate/circuit=bicycle_bivariate_144_12_12_memory_Z,distance=12,rounds=12,error_rate=0.003,noise_model=uniform_circuit,basis=CX,A=x^3+y+y^2,B=y^3+x+x^2.stim""}",
      3024,        22,         0,   139.0,relay-bp-paper-c0p200-w0p000,a6175b4156b0e7ab0d2ade40fc4bc748ac362c390fa9b0d3b70b887e6985ddab,"{""A"":""x^3+y+y^2"",""B"":""y^3+x+x^2"",""basis"":""CX"",""basis_filter_applied"":""Z"",""circuit"":""bicycle_bivariate_144_12_12_memory_Z"",""distance"":""12"",""error_rate"":""0.003"",""noise_model"":""uniform_circuit"",""p"":0.003,""rounds"":""12"",""stim_path"":""/hpc/group/pfisterlab/mg551/storage/relay/relay/tests/testdata/bicycle_bivariate/circuit=bicycle_bivariate_144_12_12_memory_Z,distance=12,rounds=12,error_rate=0.003,noise_model=uniform_circuit,basis=CX,A=x^3+y+y^2,B=y^3+x+x^2.stim""}",
       520,        12,         0,    54.0,relay-bp-paper-c0p300-w0p000,90d066ca59cd520b909209e5be9e2e0a2b0a468cb8c99404e3a816707fba4e1f,"{""A"":""x^3+y+y^2"",""B"":""y^3+x+x^2"",""basis"":""CX"",""basis_filter_applied"":""Z"",""circuit"":""bicycle_bivariate_144_12_12_memory_Z"",""distance"":""12"",""error_rate"":""0.003"",""noise_model"":""uniform_circuit"",""p"":0.003,""rounds"":""12"",""stim_path"":""/hpc/group/pfisterlab/mg551/storage/relay/relay/tests/testdata/bicycle_bivariate/circuit=bicycle_bivariate_144_12_12_memory_Z,distance=12,rounds=12,error_rate=0.003,noise_model=uniform_circuit,basis=CX,A=x^3+y+y^2,B=y^3+x+x^2.stim""}",
       633,        15,         0,    69.4,relay-bp-paper-c0p400-w0p000,8383d415c6d97e15683fdd0a47db6eae5f66fe9f0161c71849c6062f1ff4fea4,"{""A"":""x^3+y+y^2"",""B"":""y^3+x+x^2"",""basis"":""CX"",""basis_filter_applied"":""Z"",""circuit"":""bicycle_bivariate_144_12_12_memory_Z"",""distance"":""12"",""error_rate"":""0.003"",""noise_model"":""uniform_circuit"",""p"":0.003,""rounds"":""12"",""stim_path"":""/hpc/group/pfisterlab/mg551/storage/relay/relay/tests/testdata/bicycle_bivariate/circuit=bicycle_bivariate_144_12_12_memory_Z,distance=12,rounds=12,error_rate=0.003,noise_model=uniform_circuit,basis=CX,A=x^3+y+y^2,B=y^3+x+x^2.stim""}",
       616,        12,         0,    60.3,relay-bp-paper-c0p500-w0p000,2d6332c532ed18c0cd8587e504b59f2e21163b6552d7321cf5b850886735feec,"{""A"":""x^3+y+y^2"",""B"":""y^3+x+x^2"",""basis"":""CX"",""basis_filter_applied"":""Z"",""circuit"":""bicycle_bivariate_144_12_12_memory_Z"",""distance"":""12"",""error_rate"":""0.003"",""noise_model"":""uniform_circuit"",""p"":0.003,""rounds"":""12"",""stim_path"":""/hpc/group/pfisterlab/mg551/storage/relay/relay/tests/testdata/bicycle_bivariate/circuit=bicycle_bivariate_144_12_12_memory_Z,distance=12,rounds=12,error_rate=0.003,noise_model=uniform_circuit,basis=CX,A=x^3+y+y^2,B=y^3+x+x^2.stim""}",
       456,        10,         0,    53.4,relay-bp-paper-c0p600-w0p000,a49dac8d366559e1f346c5f4f0c93ee2fe527c483da9a448f69cb0e936c1d00a,"{""A"":""x^3+y+y^2"",""B"":""y^3+x+x^2"",""basis"":""CX"",""basis_filter_applied"":""Z"",""circuit"":""bicycle_bivariate_144_12_12_memory_Z"",""distance"":""12"",""error_rate"":""0.003"",""noise_model"":""uniform_circuit"",""p"":0.003,""rounds"":""12"",""stim_path"":""/hpc/group/pfisterlab/mg551/storage/relay/relay/tests/testdata/bicycle_bivariate/circuit=bicycle_bivariate_144_12_12_memory_Z,distance=12,rounds=12,error_rate=0.003,noise_model=uniform_circuit,basis=CX,A=x^3+y+y^2,B=y^3+x+x^2.stim""}",
       776,        15,         0,    81.4,relay-bp-paper-c0p700-w0p000,ea19dba3804ceb0b8f5441b98139ed20ce402c2aaccd53e5d772d6e96a8d9920,"{""A"":""x^3+y+y^2"",""B"":""y^3+x+x^2"",""basis"":""CX"",""basis_filter_applied"":""Z"",""circuit"":""bicycle_bivariate_144_12_12_memory_Z"",""distance"":""12"",""error_rate"":""0.003"",""noise_model"":""uniform_circuit"",""p"":0.003,""rounds"":""12"",""stim_path"":""/hpc/group/pfisterlab/mg551/storage/relay/relay/tests/testdata/bicycle_bivariate/circuit=bicycle_bivariate_144_12_12_memory_Z,distance=12,rounds=12,error_rate=0.003,noise_model=uniform_circuit,basis=CX,A=x^3+y+y^2,B=y^3+x+x^2.stim""}",
       840,        13,         0,    68.2,relay-bp-paper-c0p800-w0p000,8c4393f34f8a032496b7d42216c570e6db5f4d9f7ac2540ad0e433008f4573ed,"{""A"":""x^3+y+y^2"",""B"":""y^3+x+x^2"",""basis"":""CX"",""basis_filter_applied"":""Z"",""circuit"":""bicycle_bivariate_144_12_12_memory_Z"",""distance"":""12"",""error_rate"":""0.003"",""noise_model"":""uniform_circuit"",""p"":0.003,""rounds"":""12"",""stim_path"":""/hpc/group/pfisterlab/mg551/storage/relay/relay/tests/testdata/bicycle_bivariate/circuit=bicycle_bivariate_144_12_12_memory_Z,distance=12,rounds=12,error_rate=0.003,noise_model=uniform_circuit,basis=CX,A=x^3+y+y^2,B=y^3+x+x^2.stim""}",
      1000,         8,         0,    54.1,relay-bp-paper-c0p900-w0p000,8b28342996e062d539792bc9ce27f2ae00ab81a75d420144b7467eb5e141e5fe,"{""A"":""x^3+y+y^2"",""B"":""y^3+x+x^2"",""basis"":""CX"",""basis_filter_applied"":""Z"",""circuit"":""bicycle_bivariate_144_12_12_memory_Z"",""distance"":""12"",""error_rate"":""0.003"",""noise_model"":""uniform_circuit"",""p"":0.003,""rounds"":""12"",""stim_path"":""/hpc/group/pfisterlab/mg551/storage/relay/relay/tests/testdata/bicycle_bivariate/circuit=bicycle_bivariate_144_12_12_memory_Z,distance=12,rounds=12,error_rate=0.003,noise_model=uniform_circuit,basis=CX,A=x^3+y+y^2,B=y^3+x+x^2.stim""}",
       552,        11,         0,    63.9,relay-bp-paper-c1p000-w0p000,4eb498523afa36c27bcd2ba8a9efa557fa681fee74a9239769256d27923c6aa2,"{""A"":""x^3+y+y^2"",""B"":""y^3+x+x^2"",""basis"":""CX"",""basis_filter_applied"":""Z"",""circuit"":""bicycle_bivariate_144_12_12_memory_Z"",""distance"":""12"",""error_rate"":""0.003"",""noise_model"":""uniform_circuit"",""p"":0.003,""rounds"":""12"",""stim_path"":""/hpc/group/pfisterlab/mg551/storage/relay/relay/tests/testdata/bicycle_bivariate/circuit=bicycle_bivariate_144_12_12_memory_Z,distance=12,rounds=12,error_rate=0.003,noise_model=uniform_circuit,basis=CX,A=x^3+y+y^2,B=y^3+x+x^2.stim""}",
      1674,        17,         0,   179.2,relay-bp-paper-c0p000-w0p200,e42e88b1d97c502105c5f94b6c00502de3981c51d716ac93c55e146641bc6126,"{""A"":""x^3+y+y^2"",""B"":""y^3+x+x^2"",""basis"":""CX"",""basis_filter_applied"":""Z"",""circuit"":""bicycle_bivariate_144_12_12_memory_Z"",""distance"":""12"",""error_rate"":""0.003"",""noise_model"":""uniform_circuit"",""p"":0.003,""rounds"":""12"",""stim_path"":""/hpc/group/pfisterlab/mg551/storage/relay/relay/tests/testdata/bicycle_bivariate/circuit=bicycle_bivariate_144_12_12_memory_Z,distance=12,rounds=12,error_rate=0.003,noise_model=uniform_circuit,basis=CX,A=x^3+y+y^2,B=y^3+x+x^2.stim""}",
      2032,        18,         0,   150.8,relay-bp-paper-c0p100-w0p200,1a22a0cd76c9c307cd130b2f2638a90dff625642a9783446f127134b66ac30cf,"{""A"":""x^3+y+y^2"",""B"":""y^3+x+x^2"",""basis"":""CX"",""basis_filter_applied"":""Z"",""circuit"":""bicycle_bivariate_144_12_12_memory_Z"",""distance"":""12"",""error_rate"":""0.003"",""noise_model"":""uniform_circuit"",""p"":0.003,""rounds"":""12"",""stim_path"":""/hpc/group/pfisterlab/mg551/storage/relay/relay/tests/testdata/bicycle_bivariate/circuit=bicycle_bivariate_144_12_12_memory_Z,distance=12,rounds=12,error_rate=0.003,noise_model=uniform_circuit,basis=CX,A=x^3+y+y^2,B=y^3+x+x^2.stim""}",
      1576,        25,         0,   147.9,relay-bp-paper-c0p200-w0p200,96de8c2b7f394aebcc48a78d0d6c2ef483cda08b169dbffdb64b98a8bcc9a475,"{""A"":""x^3+y+y^2"",""B"":""y^3+x+x^2"",""basis"":""CX"",""basis_filter_applied"":""Z"",""circuit"":""bicycle_bivariate_144_12_12_memory_Z"",""distance"":""12"",""error_rate"":""0.003"",""noise_model"":""uniform_circuit"",""p"":0.003,""rounds"":""12"",""stim_path"":""/hpc/group/pfisterlab/mg551/storage/relay/relay/tests/testdata/bicycle_bivariate/circuit=bicycle_bivariate_144_12_12_memory_Z,distance=12,rounds=12,error_rate=0.003,noise_model=uniform_circuit,basis=CX,A=x^3+y+y^2,B=y^3+x+x^2.stim""}",
      1576,        21,         0,   124.0,relay-bp-paper-c0p300-w0p200,a4b65701a469a8b15810a14329260f68643227279a85575f2b9faf37d9d9f664,"{""A"":""x^3+y+y^2"",""B"":""y^3+x+x^2"",""basis"":""CX"",""basis_filter_applied"":""Z"",""circuit"":""bicycle_bivariate_144_12_12_memory_Z"",""distance"":""12"",""error_rate"":""0.003"",""noise_model"":""uniform_circuit"",""p"":0.003,""rounds"":""12"",""stim_path"":""/hpc/group/pfisterlab/mg551/storage/relay/relay/tests/testdata/bicycle_bivariate/circuit=bicycle_bivariate_144_12_12_memory_Z,distance=12,rounds=12,error_rate=0.003,noise_model=uniform_circuit,basis=CX,A=x^3+y+y^2,B=y^3+x+x^2.stim""}",
      1732,        19,         0,   109.4,relay-bp-paper-c0p400-w0p200,0952594bec17927a3ccdef17437b619d1703f6d33d12f282ca3c6b3bb259349f,"{""A"":""x^3+y+y^2"",""B"":""y^3+x+x^2"",""basis"":""CX"",""basis_filter_applied"":""Z"",""circuit"":""bicycle_bivariate_144_12_12_memory_Z"",""distance"":""12"",""error_rate"":""0.003"",""noise_model"":""uniform_circuit"",""p"":0.003,""rounds"":""12"",""stim_path"":""/hpc/group/pfisterlab/mg551/storage/relay/relay/tests/testdata/bicycle_bivariate/circuit=bicycle_bivariate_144_12_12_memory_Z,distance=12,rounds=12,error_rate=0.003,noise_model=uniform_circuit,basis=CX,A=x^3+y+y^2,B=y^3+x+x^2.stim""}",
      1376,        21,         0,   122.0,relay-bp-paper-c0p500-w0p200,efe129f2edf2f053e76a01f8057036cfb6e694c83e7cd16b555d36714f4a83a4,"{""A"":""x^3+y+y^2"",""B"":""y^3+x+x^2"",""basis"":""CX"",""basis_filter_applied"":""Z"",""circuit"":""bicycle_bivariate_144_12_12_memory_Z"",""distance"":""12"",""error_rate"":""0.003"",""noise_model"":""uniform_circuit"",""p"":0.003,""rounds"":""12"",""stim_path"":""/hpc/group/pfisterlab/mg551/storage/relay/relay/tests/testdata/bicycle_bivariate/circuit=bicycle_bivariate_144_12_12_memory_Z,distance=12,rounds=12,error_rate=0.003,noise_model=uniform_circuit,basis=CX,A=x^3+y+y^2,B=y^3+x+x^2.stim""}",
      1520,        29,         0,   159.0,relay-bp-paper-c0p600-w0p200,7929cd041b72eb7f2437da338c54903bddbab000281344f0ffccf69177d36c53,"{""A"":""x^3+y+y^2"",""B"":""y^3+x+x^2"",""basis"":""CX"",""basis_filter_applied"":""Z"",""circuit"":""bicycle_bivariate_144_12_12_memory_Z"",""distance"":""12"",""error_rate"":""0.003"",""noise_model"":""uniform_circuit"",""p"":0.003,""rounds"":""12"",""stim_path"":""/hpc/group/pfisterlab/mg551/storage/relay/relay/tests/testdata/bicycle_bivariate/circuit=bicycle_bivariate_144_12_12_memory_Z,distance=12,rounds=12,error_rate=0.003,noise_model=uniform_circuit,basis=CX,A=x^3+y+y^2,B=y^3+x+x^2.stim""}",
      1296,        29,         0,   164.2,relay-bp-paper-c0p700-w0p200,9c5144bd425735dd6f62e7aa84d6c5b850bce11e6f6d42906522489811ede711,"{""A"":""x^3+y+y^2"",""B"":""y^3+x+x^2"",""basis"":""CX"",""basis_filter_applied"":""Z"",""circuit"":""bicycle_bivariate_144_12_12_memory_Z"",""distance"":""12"",""error_rate"":""0.003"",""noise_model"":""uniform_circuit"",""p"":0.003,""rounds"":""12"",""stim_path"":""/hpc/group/pfisterlab/mg551/storage/relay/relay/tests/testdata/bicycle_bivariate/circuit=bicycle_bivariate_144_12_12_memory_Z,distance=12,rounds=12,error_rate=0.003,noise_model=uniform_circuit,basis=CX,A=x^3+y+y^2,B=y^3+x+x^2.stim""}",
      1648,        26,         0,   143.1,relay-bp-paper-c0p800-w0p200,128d4bb3770e4b8c086b65cf1620567907a7961a44d628e0cae6b0e954e3e675,"{""A"":""x^3+y+y^2"",""B"":""y^3+x+x^2"",""basis"":""CX"",""basis_filter_applied"":""Z"",""circuit"":""bicycle_bivariate_144_12_12_memory_Z"",""distance"":""12"",""error_rate"":""0.003"",""noise_model"":""uniform_circuit"",""p"":0.003,""rounds"":""12"",""stim_path"":""/hpc/group/pfisterlab/mg551/storage/relay/relay/tests/testdata/bicycle_bivariate/circuit=bicycle_bivariate_144_12_12_memory_Z,distance=12,rounds=12,error_rate=0.003,noise_model=uniform_circuit,basis=CX,A=x^3+y+y^2,B=y^3+x+x^2.stim""}",
      1680,        24,         0,   136.4,relay-bp-paper-c0p900-w0p200,85f2e23342acdaf6d07eebf51cf6f55c8a52cba82fed0ed0a04217284ddb1dd0,"{""A"":""x^3+y+y^2"",""B"":""y^3+x+x^2"",""basis"":""CX"",""basis_filter_applied"":""Z"",""circuit"":""bicycle_bivariate_144_12_12_memory_Z"",""distance"":""12"",""error_rate"":""0.003"",""noise_model"":""uniform_circuit"",""p"":0.003,""rounds"":""12"",""stim_path"":""/hpc/group/pfisterlab/mg551/storage/relay/relay/tests/testdata/bicycle_bivariate/circuit=bicycle_bivariate_144_12_12_memory_Z,distance=12,rounds=12,error_rate=0.003,noise_model=uniform_circuit,basis=CX,A=x^3+y+y^2,B=y^3+x+x^2.stim""}",
      1104,        22,         0,   129.6,relay-bp-paper-c1p000-w0p200,28e27de3bf767c23bddf826def6c5624389eb1d8e25fbabbe205f7f999e53e04,"{""A"":""x^3+y+y^2"",""B"":""y^3+x+x^2"",""basis"":""CX"",""basis_filter_applied"":""Z"",""circuit"":""bicycle_bivariate_144_12_12_memory_Z"",""distance"":""12"",""error_rate"":""0.003"",""noise_model"":""uniform_circuit"",""p"":0.003,""rounds"":""12"",""stim_path"":""/hpc/group/pfisterlab/mg551/storage/relay/relay/tests/testdata/bicycle_bivariate/circuit=bicycle_bivariate_144_12_12_memory_Z,distance=12,rounds=12,error_rate=0.003,noise_model=uniform_circuit,basis=CX,A=x^3+y+y^2,B=y^3+x+x^2.stim""}",
      2652,        11,         0,   175.1,relay-bp-paper-c0p000-w0p400,554a863b7c387701bfb7741b8832732b6346c8c84e0a9de5d2792de6000ce981,"{""A"":""x^3+y+y^2"",""B"":""y^3+x+x^2"",""basis"":""CX"",""basis_filter_applied"":""Z"",""circuit"":""bicycle_bivariate_144_12_12_memory_Z"",""distance"":""12"",""error_rate"":""0.003"",""noise_model"":""uniform_circuit"",""p"":0.003,""rounds"":""12"",""stim_path"":""/hpc/group/pfisterlab/mg551/storage/relay/relay/tests/testdata/bicycle_bivariate/circuit=bicycle_bivariate_144_12_12_memory_Z,distance=12,rounds=12,error_rate=0.003,noise_model=uniform_circuit,basis=CX,A=x^3+y+y^2,B=y^3+x+x^2.stim""}",
      1370,         3,         0,    28.3,relay-bp-paper-c0p100-w0p400,9868295786fa72443515a6ca7fc93d743207939e71e3cb1718eb31bbf8c623c3,"{""A"":""x^3+y+y^2"",""B"":""y^3+x+x^2"",""basis"":""CX"",""basis_filter_applied"":""Z"",""circuit"":""bicycle_bivariate_144_12_12_memory_Z"",""distance"":""12"",""error_rate"":""0.003"",""noise_model"":""uniform_circuit"",""p"":0.003,""rounds"":""12"",""stim_path"":""/hpc/group/pfisterlab/mg551/storage/relay/relay/tests/testdata/bicycle_bivariate/circuit=bicycle_bivariate_144_12_12_memory_Z,distance=12,rounds=12,error_rate=0.003,noise_model=uniform_circuit,basis=CX,A=x^3+y+y^2,B=y^3+x+x^2.stim""}",
      2192,        21,         0,   161.7,relay-bp-paper-c0p200-w0p400,d32e1427227a113b75f4e6d24f720456641325fabcd5b9669f60a5dda3c825ef,"{""A"":""x^3+y+y^2"",""B"":""y^3+x+x^2"",""basis"":""CX"",""basis_filter_applied"":""Z"",""circuit"":""bicycle_bivariate_144_12_12_memory_Z"",""distance"":""12"",""error_rate"":""0.003"",""noise_model"":""uniform_circuit"",""p"":0.003,""rounds"":""12"",""stim_path"":""/hpc/group/pfisterlab/mg551/storage/relay/relay/tests/testdata/bicycle_bivariate/circuit=bicycle_bivariate_144_12_12_memory_Z,distance=12,rounds=12,error_rate=0.003,noise_model=uniform_circuit,basis=CX,A=x^3+y+y^2,B=y^3+x+x^2.stim""}",
      1360,        24,         0,   134.1,relay-bp-paper-c0p300-w0p400,41432a6a10e4b35d18208a61dc0db617ab510a8264faed09341dd92b56e867fe,"{""A"":""x^3+y+y^2"",""B"":""y^3+x+x^2"",""basis"":""CX"",""basis_filter_applied"":""Z"",""circuit"":""bicycle_bivariate_144_12_12_memory_Z"",""distance"":""12"",""error_rate"":""0.003"",""noise_model"":""uniform_circuit"",""p"":0.003,""rounds"":""12"",""stim_path"":""/hpc/group/pfisterlab/mg551/storage/relay/relay/tests/testdata/bicycle_bivariate/circuit=bicycle_bivariate_144_12_12_memory_Z,distance=12,rounds=12,error_rate=0.003,noise_model=uniform_circuit,basis=CX,A=x^3+y+y^2,B=y^3+x+x^2.stim""}",
      1488,        20,         0,   117.2,relay-bp-paper-c0p400-w0p400,c3858d2354d863c444772930aa33b8c3b47d09e9c1cd8724769d7d575e73940a,"{""A"":""x^3+y+y^2"",""B"":""y^3+x+x^2"",""basis"":""CX"",""basis_filter_applied"":""Z"",""circuit"":""bicycle_bivariate_144_12_12_memory_Z"",""distance"":""12"",""error_rate"":""0.003"",""noise_model"":""uniform_circuit"",""p"":0.003,""rounds"":""12"",""stim_path"":""/hpc/group/pfisterlab/mg551/storage/relay/relay/tests/testdata/bicycle_bivariate/circuit=bicycle_bivariate_144_12_12_memory_Z,distance=12,rounds=12,error_rate=0.003,noise_model=uniform_circuit,basis=CX,A=x^3+y+y^2,B=y^3+x+x^2.stim""}",
      1000,        16,         0,    82.6,relay-bp-paper-c0p500-w0p400,192a360c9760d84883eed4d2df6577cc3184819caa94d937b025323327d4a590,"{""A"":""x^3+y+y^2"",""B"":""y^3+x+x^2"",""basis"":""CX"",""basis_filter_applied"":""Z"",""circuit"":""bicycle_bivariate_144_12_12_memory_Z"",""distance"":""12"",""error_rate"":""0.003"",""noise_model"":""uniform_circuit"",""p"":0.003,""rounds"":""12"",""stim_path"":""/hpc/group/pfisterlab/mg551/storage/relay/relay/tests/testdata/bicycle_bivariate/circuit=bicycle_bivariate_144_12_12_memory_Z,distance=12,rounds=12,error_rate=0.003,noise_model=uniform_circuit,basis=CX,A=x^3+y+y^2,B=y^3+x+x^2.stim""}",
      1584,        20,         0,   120.3,relay-bp-paper-c0p600-w0p400,79d5efb996f994248b50d372ae255df4f7749a0eae25a62cf92658843d9f3063,"{""A"":""x^3+y+y^2"",""B"":""y^3+x+x^2"",""basis"":""CX"",""basis_filter_applied"":""Z"",""circuit"":""bicycle_bivariate_144_12_12_memory_Z"",""distance"":""12"",""error_rate"":""0.003"",""noise_model"":""uniform_circuit"",""p"":0.003,""rounds"":""12"",""stim_path"":""/hpc/group/pfisterlab/mg551/storage/relay/relay/tests/testdata/bicycle_bivariate/circuit=bicycle_bivariate_144_12_12_memory_Z,distance=12,rounds=12,error_rate=0.003,noise_model=uniform_circuit,basis=CX,A=x^3+y+y^2,B=y^3+x+x^2.stim""}",
       848,        16,         0,    77.5,relay-bp-paper-c0p700-w0p400,483b21ead83532a68fe337c337250a2b24cbe2f4eb48c5819c4d9d6c48e556d9,"{""A"":""x^3+y+y^2"",""B"":""y^3+x+x^2"",""basis"":""CX"",""basis_filter_applied"":""Z"",""circuit"":""bicycle_bivariate_144_12_12_memory_Z"",""distance"":""12"",""error_rate"":""0.003"",""noise_model"":""uniform_circuit"",""p"":0.003,""rounds"":""12"",""stim_path"":""/hpc/group/pfisterlab/mg551/storage/relay/relay/tests/testdata/bicycle_bivariate/circuit=bicycle_bivariate_144_12_12_memory_Z,distance=12,rounds=12,error_rate=0.003,noise_model=uniform_circuit,basis=CX,A=x^3+y+y^2,B=y^3+x+x^2.stim""}",
      1072,        24,         0,   140.2,relay-bp-paper-c0p800-w0p400,60c0359c2e30df6e6cabe139802013646247713be45a05713c7148d9ec98af43,"{""A"":""x^3+y+y^2"",""B"":""y^3+x+x^2"",""basis"":""CX"",""basis_filter_applied"":""Z"",""circuit"":""bicycle_bivariate_144_12_12_memory_Z"",""distance"":""12"",""error_rate"":""0.003"",""noise_model"":""uniform_circuit"",""p"":0.003,""rounds"":""12"",""stim_path"":""/hpc/group/pfisterlab/mg551/storage/relay/relay/tests/testdata/bicycle_bivariate/circuit=bicycle_bivariate_144_12_12_memory_Z,distance=12,rounds=12,error_rate=0.003,noise_model=uniform_circuit,basis=CX,A=x^3+y+y^2,B=y^3+x+x^2.stim""}",
      1344,        21,         0,   121.7,relay-bp-paper-c0p900-w0p400,0065db5a1f1a72a0d53de7f6f70f267caf190b12fd9ad83f791e5dae235a72ca,"{""A"":""x^3+y+y^2"",""B"":""y^3+x+x^2"",""basis"":""CX"",""basis_filter_applied"":""Z"",""circuit"":""bicycle_bivariate_144_12_12_memory_Z"",""distance"":""12"",""error_rate"":""0.003"",""noise_model"":""uniform_circuit"",""p"":0.003,""rounds"":""12"",""stim_path"":""/hpc/group/pfisterlab/mg551/storage/relay/relay/tests/testdata/bicycle_bivariate/circuit=bicycle_bivariate_144_12_12_memory_Z,distance=12,rounds=12,error_rate=0.003,noise_model=uniform_circuit,basis=CX,A=x^3+y+y^2,B=y^3+x+x^2.stim""}",
      1360,        20,         0,   115.9,relay-bp-paper-c1p000-w0p400,b56ab4cccc7ab8a2854f60eebb380de267d921f018c979fd3c9259d473e5cfea,"{""A"":""x^3+y+y^2"",""B"":""y^3+x+x^2"",""basis"":""CX"",""basis_filter_applied"":""Z"",""circuit"":""bicycle_bivariate_144_12_12_memory_Z"",""distance"":""12"",""error_rate"":""0.003"",""noise_model"":""uniform_circuit"",""p"":0.003,""rounds"":""12"",""stim_path"":""/hpc/group/pfisterlab/mg551/storage/relay/relay/tests/testdata/bicycle_bivariate/circuit=bicycle_bivariate_144_12_12_memory_Z,distance=12,rounds=12,error_rate=0.003,noise_model=uniform_circuit,basis=CX,A=x^3+y+y^2,B=y^3+x+x^2.stim""}",
      2029,        12,         0,   173.1,relay-bp-paper-c0p000-w0p600,fa6a0279fbe2b6401a5576981892ea7e925ffdd1f7fa9e7504fa0f43f8364a7c,"{""A"":""x^3+y+y^2"",""B"":""y^3+x+x^2"",""basis"":""CX"",""basis_filter_applied"":""Z"",""circuit"":""bicycle_bivariate_144_12_12_memory_Z"",""distance"":""12"",""error_rate"":""0.003"",""noise_model"":""uniform_circuit"",""p"":0.003,""rounds"":""12"",""stim_path"":""/hpc/group/pfisterlab/mg551/storage/relay/relay/tests/testdata/bicycle_bivariate/circuit=bicycle_bivariate_144_12_12_memory_Z,distance=12,rounds=12,error_rate=0.003,noise_model=uniform_circuit,basis=CX,A=x^3+y+y^2,B=y^3+x+x^2.stim""}",
      2152,         2,         0,    38.3,relay-bp-paper-c0p100-w0p600,785db749318941b594b126c9db6de056720108ccb19a9fdb347c539f5ce5b08e,"{""A"":""x^3+y+y^2"",""B"":""y^3+x+x^2"",""basis"":""CX"",""basis_filter_applied"":""Z"",""circuit"":""bicycle_bivariate_144_12_12_memory_Z"",""distance"":""12"",""error_rate"":""0.003"",""noise_model"":""uniform_circuit"",""p"":0.003,""rounds"":""12"",""stim_path"":""/hpc/group/pfisterlab/mg551/storage/relay/relay/tests/testdata/bicycle_bivariate/circuit=bicycle_bivariate_144_12_12_memory_Z,distance=12,rounds=12,error_rate=0.003,noise_model=uniform_circuit,basis=CX,A=x^3+y+y^2,B=y^3+x+x^2.stim""}",
      9944,         4,         0,   162.2,relay-bp-paper-c0p200-w0p600,0d80c6a716d5bbf9a272492301876b2f8dae842644712f619e2b4253d68b9fa2,"{""A"":""x^3+y+y^2"",""B"":""y^3+x+x^2"",""basis"":""CX"",""basis_filter_applied"":""Z"",""circuit"":""bicycle_bivariate_144_12_12_memory_Z"",""distance"":""12"",""error_rate"":""0.003"",""noise_model"":""uniform_circuit"",""p"":0.003,""rounds"":""12"",""stim_path"":""/hpc/group/pfisterlab/mg551/storage/relay/relay/tests/testdata/bicycle_bivariate/circuit=bicycle_bivariate_144_12_12_memory_Z,distance=12,rounds=12,error_rate=0.003,noise_model=uniform_circuit,basis=CX,A=x^3+y+y^2,B=y^3+x+x^2.stim""}",
      1352,        22,         0,   162.5,relay-bp-paper-c0p300-w0p600,f59a044771f6aef178c9cadfa0e6bd7821199688f11351a436511f9e9d0d728d,"{""A"":""x^3+y+y^2"",""B"":""y^3+x+x^2"",""basis"":""CX"",""basis_filter_applied"":""Z"",""circuit"":""bicycle_bivariate_144_12_12_memory_Z"",""distance"":""12"",""error_rate"":""0.003"",""noise_model"":""uniform_circuit"",""p"":0.003,""rounds"":""12"",""stim_path"":""/hpc/group/pfisterlab/mg551/storage/relay/relay/tests/testdata/bicycle_bivariate/circuit=bicycle_bivariate_144_12_12_memory_Z,distance=12,rounds=12,error_rate=0.003,noise_model=uniform_circuit,basis=CX,A=x^3+y+y^2,B=y^3+x+x^2.stim""}",
      1160,        22,         0,   134.2,relay-bp-paper-c0p400-w0p600,bd6e4fd5b0b7fe923e45634b759c51a0b1d2c500fa8371a09e1cbea7a2104bff,"{""A"":""x^3+y+y^2"",""B"":""y^3+x+x^2"",""basis"":""CX"",""basis_filter_applied"":""Z"",""circuit"":""bicycle_bivariate_144_12_12_memory_Z"",""distance"":""12"",""error_rate"":""0.003"",""noise_model"":""uniform_circuit"",""p"":0.003,""rounds"":""12"",""stim_path"":""/hpc/group/pfisterlab/mg551/storage/relay/relay/tests/testdata/bicycle_bivariate/circuit=bicycle_bivariate_144_12_12_memory_Z,distance=12,rounds=12,error_rate=0.003,noise_model=uniform_circuit,basis=CX,A=x^3+y+y^2,B=y^3+x+x^2.stim""}",
      2048,        25,         0,   140.9,relay-bp-paper-c0p500-w0p600,74413fa7c784229cddb7be42d93a728112950d3d3d35b7dad52f791640ee8ae8,"{""A"":""x^3+y+y^2"",""B"":""y^3+x+x^2"",""basis"":""CX"",""basis_filter_applied"":""Z"",""circuit"":""bicycle_bivariate_144_12_12_memory_Z"",""distance"":""12"",""error_rate"":""0.003"",""noise_model"":""uniform_circuit"",""p"":0.003,""rounds"":""12"",""stim_path"":""/hpc/group/pfisterlab/mg551/storage/relay/relay/tests/testdata/bicycle_bivariate/circuit=bicycle_bivariate_144_12_12_memory_Z,distance=12,rounds=12,error_rate=0.003,noise_model=uniform_circuit,basis=CX,A=x^3+y+y^2,B=y^3+x+x^2.stim""}",
      1552,        18,         0,   114.9,relay-bp-paper-c0p600-w0p600,6452727db9782d48076775c3d945b61e2e6f30fb4bf61b3695732caaa494f6a2,"{""A"":""x^3+y+y^2"",""B"":""y^3+x+x^2"",""basis"":""CX"",""basis_filter_applied"":""Z"",""circuit"":""bicycle_bivariate_144_12_12_memory_Z"",""distance"":""12"",""error_rate"":""0.003"",""noise_model"":""uniform_circuit"",""p"":0.003,""rounds"":""12"",""stim_path"":""/hpc/group/pfisterlab/mg551/storage/relay/relay/tests/testdata/bicycle_bivariate/circuit=bicycle_bivariate_144_12_12_memory_Z,distance=12,rounds=12,error_rate=0.003,noise_model=uniform_circuit,basis=CX,A=x^3+y+y^2,B=y^3+x+x^2.stim""}",
      1624,        23,         0,   125.4,relay-bp-paper-c0p700-w0p600,d4744fc3dc987211d32a7869b5b917b571fe7e8105e26c1b05f03051de169e9a,"{""A"":""x^3+y+y^2"",""B"":""y^3+x+x^2"",""basis"":""CX"",""basis_filter_applied"":""Z"",""circuit"":""bicycle_bivariate_144_12_12_memory_Z"",""distance"":""12"",""error_rate"":""0.003"",""noise_model"":""uniform_circuit"",""p"":0.003,""rounds"":""12"",""stim_path"":""/hpc/group/pfisterlab/mg551/storage/relay/relay/tests/testdata/bicycle_bivariate/circuit=bicycle_bivariate_144_12_12_memory_Z,distance=12,rounds=12,error_rate=0.003,noise_model=uniform_circuit,basis=CX,A=x^3+y+y^2,B=y^3+x+x^2.stim""}",
       669,        11,         0,    47.0,relay-bp-paper-c0p800-w0p600,a487a0821ad115cc69d969b88741da575ec1fa996f76c2ac068d8cbd53ebe905,"{""A"":""x^3+y+y^2"",""B"":""y^3+x+x^2"",""basis"":""CX"",""basis_filter_applied"":""Z"",""circuit"":""bicycle_bivariate_144_12_12_memory_Z"",""distance"":""12"",""error_rate"":""0.003"",""noise_model"":""uniform_circuit"",""p"":0.003,""rounds"":""12"",""stim_path"":""/hpc/group/pfisterlab/mg551/storage/relay/relay/tests/testdata/bicycle_bivariate/circuit=bicycle_bivariate_144_12_12_memory_Z,distance=12,rounds=12,error_rate=0.003,noise_model=uniform_circuit,basis=CX,A=x^3+y+y^2,B=y^3+x+x^2.stim""}",
      1432,        21,         0,   126.4,relay-bp-paper-c0p900-w0p600,f8dac5e0e311b8bd9cb7d27bbae1b1cd2cf1dac09692fb2ba2e88ce1a71ef432,"{""A"":""x^3+y+y^2"",""B"":""y^3+x+x^2"",""basis"":""CX"",""basis_filter_applied"":""Z"",""circuit"":""bicycle_bivariate_144_12_12_memory_Z"",""distance"":""12"",""error_rate"":""0.003"",""noise_model"":""uniform_circuit"",""p"":0.003,""rounds"":""12"",""stim_path"":""/hpc/group/pfisterlab/mg551/storage/relay/relay/tests/testdata/bicycle_bivariate/circuit=bicycle_bivariate_144_12_12_memory_Z,distance=12,rounds=12,error_rate=0.003,noise_model=uniform_circuit,basis=CX,A=x^3+y+y^2,B=y^3+x+x^2.stim""}",
      1184,        27,         0,   150.2,relay-bp-paper-c1p000-w0p600,42a67280350d54b538cf92a45211f8bce1877fc6b3e824a80425be0a1fb461f6,"{""A"":""x^3+y+y^2"",""B"":""y^3+x+x^2"",""basis"":""CX"",""basis_filter_applied"":""Z"",""circuit"":""bicycle_bivariate_144_12_12_memory_Z"",""distance"":""12"",""error_rate"":""0.003"",""noise_model"":""uniform_circuit"",""p"":0.003,""rounds"":""12"",""stim_path"":""/hpc/group/pfisterlab/mg551/storage/relay/relay/tests/testdata/bicycle_bivariate/circuit=bicycle_bivariate_144_12_12_memory_Z,distance=12,rounds=12,error_rate=0.003,noise_model=uniform_circuit,basis=CX,A=x^3+y+y^2,B=y^3+x+x^2.stim""}",
      1149,        12,         0,   187.9,relay-bp-paper-c0p000-w0p800,423316f720a85bfc7af24d2d7bdf5cf5f2e5ebf0bc7328553ee04a62d637323a,"{""A"":""x^3+y+y^2"",""B"":""y^3+x+x^2"",""basis"":""CX"",""basis_filter_applied"":""Z"",""circuit"":""bicycle_bivariate_144_12_12_memory_Z"",""distance"":""12"",""error_rate"":""0.003"",""noise_model"":""uniform_circuit"",""p"":0.003,""rounds"":""12"",""stim_path"":""/hpc/group/pfisterlab/mg551/storage/relay/relay/tests/testdata/bicycle_bivariate/circuit=bicycle_bivariate_144_12_12_memory_Z,distance=12,rounds=12,error_rate=0.003,noise_model=uniform_circuit,basis=CX,A=x^3+y+y^2,B=y^3+x+x^2.stim""}",
      4449,         9,         0,   137.7,relay-bp-paper-c0p100-w0p800,a81e0ceadb8f8f1f6137a3885013a11ffa3f1882600f947dc8a19bb71c517d91,"{""A"":""x^3+y+y^2"",""B"":""y^3+x+x^2"",""basis"":""CX"",""basis_filter_applied"":""Z"",""circuit"":""bicycle_bivariate_144_12_12_memory_Z"",""distance"":""12"",""error_rate"":""0.003"",""noise_model"":""uniform_circuit"",""p"":0.003,""rounds"":""12"",""stim_path"":""/hpc/group/pfisterlab/mg551/storage/relay/relay/tests/testdata/bicycle_bivariate/circuit=bicycle_bivariate_144_12_12_memory_Z,distance=12,rounds=12,error_rate=0.003,noise_model=uniform_circuit,basis=CX,A=x^3+y+y^2,B=y^3+x+x^2.stim""}",
       920,         3,         0,    8.77,relay-bp-paper-c0p200-w0p800,d29ec89b7394d3a2d02f9559e7e70178a4e5aefe20e3cadc824b4571aba65b64,"{""A"":""x^3+y+y^2"",""B"":""y^3+x+x^2"",""basis"":""CX"",""basis_filter_applied"":""Z"",""circuit"":""bicycle_bivariate_144_12_12_memory_Z"",""distance"":""12"",""error_rate"":""0.003"",""noise_model"":""uniform_circuit"",""p"":0.003,""rounds"":""12"",""stim_path"":""/hpc/group/pfisterlab/mg551/storage/relay/relay/tests/testdata/bicycle_bivariate/circuit=bicycle_bivariate_144_12_12_memory_Z,distance=12,rounds=12,error_rate=0.003,noise_model=uniform_circuit,basis=CX,A=x^3+y+y^2,B=y^3+x+x^2.stim""}",
      1456,         1,         0,    15.7,relay-bp-paper-c0p300-w0p800,7728c24458a98692a708f5e68780d121882b88b7d027bf97dc947f062f8513c8,"{""A"":""x^3+y+y^2"",""B"":""y^3+x+x^2"",""basis"":""CX"",""basis_filter_applied"":""Z"",""circuit"":""bicycle_bivariate_144_12_12_memory_Z"",""distance"":""12"",""error_rate"":""0.003"",""noise_model"":""uniform_circuit"",""p"":0.003,""rounds"":""12"",""stim_path"":""/hpc/group/pfisterlab/mg551/storage/relay/relay/tests/testdata/bicycle_bivariate/circuit=bicycle_bivariate_144_12_12_memory_Z,distance=12,rounds=12,error_rate=0.003,noise_model=uniform_circuit,basis=CX,A=x^3+y+y^2,B=y^3+x+x^2.stim""}",
      1008,        19,         0,   113.4,relay-bp-paper-c0p400-w0p800,21096a16157768890c7e545635b932bab95530a6d99a10a51dc5d33e6ab3f069,"{""A"":""x^3+y+y^2"",""B"":""y^3+x+x^2"",""basis"":""CX"",""basis_filter_applied"":""Z"",""circuit"":""bicycle_bivariate_144_12_12_memory_Z"",""distance"":""12"",""error_rate"":""0.003"",""noise_model"":""uniform_circuit"",""p"":0.003,""rounds"":""12"",""stim_path"":""/hpc/group/pfisterlab/mg551/storage/relay/relay/tests/testdata/bicycle_bivariate/circuit=bicycle_bivariate_144_12_12_memory_Z,distance=12,rounds=12,error_rate=0.003,noise_model=uniform_circuit,basis=CX,A=x^3+y+y^2,B=y^3+x+x^2.stim""}",
      1216,        20,         0,   124.3,relay-bp-paper-c0p500-w0p800,c1e726f87ec022b7bd3ca42309b221e50f0031e00442c289ad2453001ea804ab,"{""A"":""x^3+y+y^2"",""B"":""y^3+x+x^2"",""basis"":""CX"",""basis_filter_applied"":""Z"",""circuit"":""bicycle_bivariate_144_12_12_memory_Z"",""distance"":""12"",""error_rate"":""0.003"",""noise_model"":""uniform_circuit"",""p"":0.003,""rounds"":""12"",""stim_path"":""/hpc/group/pfisterlab/mg551/storage/relay/relay/tests/testdata/bicycle_bivariate/circuit=bicycle_bivariate_144_12_12_memory_Z,distance=12,rounds=12,error_rate=0.003,noise_model=uniform_circuit,basis=CX,A=x^3+y+y^2,B=y^3+x+x^2.stim""}",
      1600,        21,         0,   133.6,relay-bp-paper-c0p600-w0p800,16544f32d281d3b7d429d85a8f31cae4f6156d1ea50431f81864e32e6a9c17c3,"{""A"":""x^3+y+y^2"",""B"":""y^3+x+x^2"",""basis"":""CX"",""basis_filter_applied"":""Z"",""circuit"":""bicycle_bivariate_144_12_12_memory_Z"",""distance"":""12"",""error_rate"":""0.003"",""noise_model"":""uniform_circuit"",""p"":0.003,""rounds"":""12"",""stim_path"":""/hpc/group/pfisterlab/mg551/storage/relay/relay/tests/testdata/bicycle_bivariate/circuit=bicycle_bivariate_144_12_12_memory_Z,distance=12,rounds=12,error_rate=0.003,noise_model=uniform_circuit,basis=CX,A=x^3+y+y^2,B=y^3+x+x^2.stim""}",
       704,        15,         0,    55.7,relay-bp-paper-c0p700-w0p800,b90c66418a952ea81779afe23e560651f9a2e4ddffb6c2094313982f9fd75778,"{""A"":""x^3+y+y^2"",""B"":""y^3+x+x^2"",""basis"":""CX"",""basis_filter_applied"":""Z"",""circuit"":""bicycle_bivariate_144_12_12_memory_Z"",""distance"":""12"",""error_rate"":""0.003"",""noise_model"":""uniform_circuit"",""p"":0.003,""rounds"":""12"",""stim_path"":""/hpc/group/pfisterlab/mg551/storage/relay/relay/tests/testdata/bicycle_bivariate/circuit=bicycle_bivariate_144_12_12_memory_Z,distance=12,rounds=12,error_rate=0.003,noise_model=uniform_circuit,basis=CX,A=x^3+y+y^2,B=y^3+x+x^2.stim""}",
      1456,        19,         0,   113.1,relay-bp-paper-c0p800-w0p800,68d0b3b91d006210437fc0d702fd4bf1d6c9f2e1e63d00c6b9913f503012627c,"{""A"":""x^3+y+y^2"",""B"":""y^3+x+x^2"",""basis"":""CX"",""basis_filter_applied"":""Z"",""circuit"":""bicycle_bivariate_144_12_12_memory_Z"",""distance"":""12"",""error_rate"":""0.003"",""noise_model"":""uniform_circuit"",""p"":0.003,""rounds"":""12"",""stim_path"":""/hpc/group/pfisterlab/mg551/storage/relay/relay/tests/testdata/bicycle_bivariate/circuit=bicycle_bivariate_144_12_12_memory_Z,distance=12,rounds=12,error_rate=0.003,noise_model=uniform_circuit,basis=CX,A=x^3+y+y^2,B=y^3+x+x^2.stim""}",
      1464,        22,         0,   126.1,relay-bp-paper-c0p900-w0p800,46a7e47db7ebf50a0df942b00811b80c0ee828e5615fc2d60e86d058acf89446,"{""A"":""x^3+y+y^2"",""B"":""y^3+x+x^2"",""basis"":""CX"",""basis_filter_applied"":""Z"",""circuit"":""bicycle_bivariate_144_12_12_memory_Z"",""distance"":""12"",""error_rate"":""0.003"",""noise_model"":""uniform_circuit"",""p"":0.003,""rounds"":""12"",""stim_path"":""/hpc/group/pfisterlab/mg551/storage/relay/relay/tests/testdata/bicycle_bivariate/circuit=bicycle_bivariate_144_12_12_memory_Z,distance=12,rounds=12,error_rate=0.003,noise_model=uniform_circuit,basis=CX,A=x^3+y+y^2,B=y^3+x+x^2.stim""}",
      1680,        24,         0,   126.5,relay-bp-paper-c1p000-w0p800,62c8f763916075c26e8eb065cc7428c2484d210277f168a5e2a40638a6b457d4,"{""A"":""x^3+y+y^2"",""B"":""y^3+x+x^2"",""basis"":""CX"",""basis_filter_applied"":""Z"",""circuit"":""bicycle_bivariate_144_12_12_memory_Z"",""distance"":""12"",""error_rate"":""0.003"",""noise_model"":""uniform_circuit"",""p"":0.003,""rounds"":""12"",""stim_path"":""/hpc/group/pfisterlab/mg551/storage/relay/relay/tests/testdata/bicycle_bivariate/circuit=bicycle_bivariate_144_12_12_memory_Z,distance=12,rounds=12,error_rate=0.003,noise_model=uniform_circuit,basis=CX,A=x^3+y+y^2,B=y^3+x+x^2.stim""}",
      1056,        23,         0,   181.4,relay-bp-paper-c0p000-w1p000,1e9cdd5d39a9a4c861dea0ba974539baf77fd0a4748923722864403dcf1041b9,"{""A"":""x^3+y+y^2"",""B"":""y^3+x+x^2"",""basis"":""CX"",""basis_filter_applied"":""Z"",""circuit"":""bicycle_bivariate_144_12_12_memory_Z"",""distance"":""12"",""error_rate"":""0.003"",""noise_model"":""uniform_circuit"",""p"":0.003,""rounds"":""12"",""stim_path"":""/hpc/group/pfisterlab/mg551/storage/relay/relay/tests/testdata/bicycle_bivariate/circuit=bicycle_bivariate_144_12_12_memory_Z,distance=12,rounds=12,error_rate=0.003,noise_model=uniform_circuit,basis=CX,A=x^3+y+y^2,B=y^3+x+x^2.stim""}",
      2857,        10,         0,   149.4,relay-bp-paper-c0p100-w1p000,908bc1dec8825a89c27e52b43b6ecd941e6c42145d35f8a3d3ecc30b99bc8499,"{""A"":""x^3+y+y^2"",""B"":""y^3+x+x^2"",""basis"":""CX"",""basis_filter_applied"":""Z"",""circuit"":""bicycle_bivariate_144_12_12_memory_Z"",""distance"":""12"",""error_rate"":""0.003"",""noise_model"":""uniform_circuit"",""p"":0.003,""rounds"":""12"",""stim_path"":""/hpc/group/pfisterlab/mg551/storage/relay/relay/tests/testdata/bicycle_bivariate/circuit=bicycle_bivariate_144_12_12_memory_Z,distance=12,rounds=12,error_rate=0.003,noise_model=uniform_circuit,basis=CX,A=x^3+y+y^2,B=y^3+x+x^2.stim""}",
      6736,         2,         0,    85.8,relay-bp-paper-c0p200-w1p000,e17b03a28b90aa779f5c34389ab213497ca8f176a4a660a5861dfbe5f8ce2a09,"{""A"":""x^3+y+y^2"",""B"":""y^3+x+x^2"",""basis"":""CX"",""basis_filter_applied"":""Z"",""circuit"":""bicycle_bivariate_144_12_12_memory_Z"",""distance"":""12"",""error_rate"":""0.003"",""noise_model"":""uniform_circuit"",""p"":0.003,""rounds"":""12"",""stim_path"":""/hpc/group/pfisterlab/mg551/storage/relay/relay/tests/testdata/bicycle_bivariate/circuit=bicycle_bivariate_144_12_12_memory_Z,distance=12,rounds=12,error_rate=0.003,noise_model=uniform_circuit,basis=CX,A=x^3+y+y^2,B=y^3+x+x^2.stim""}",
      2808,         3,         0,    34.9,relay-bp-paper-c0p300-w1p000,fd27669505fc3bf8182a417600bc03e1fe15539272ca2178a8824efaedc1adc0,"{""A"":""x^3+y+y^2"",""B"":""y^3+x+x^2"",""basis"":""CX"",""basis_filter_applied"":""Z"",""circuit"":""bicycle_bivariate_144_12_12_memory_Z"",""distance"":""12"",""error_rate"":""0.003"",""noise_model"":""uniform_circuit"",""p"":0.003,""rounds"":""12"",""stim_path"":""/hpc/group/pfisterlab/mg551/storage/relay/relay/tests/testdata/bicycle_bivariate/circuit=bicycle_bivariate_144_12_12_memory_Z,distance=12,rounds=12,error_rate=0.003,noise_model=uniform_circuit,basis=CX,A=x^3+y+y^2,B=y^3+x+x^2.stim""}",
       912,         2,         0,    9.71,relay-bp-paper-c0p400-w1p000,ce5a75a38e38779ab86d34b70fac85a42cc40eb3c9a2df71fdb04ee8f3481e85,"{""A"":""x^3+y+y^2"",""B"":""y^3+x+x^2"",""basis"":""CX"",""basis_filter_applied"":""Z"",""circuit"":""bicycle_bivariate_144_12_12_memory_Z"",""distance"":""12"",""error_rate"":""0.003"",""noise_model"":""uniform_circuit"",""p"":0.003,""rounds"":""12"",""stim_path"":""/hpc/group/pfisterlab/mg551/storage/relay/relay/tests/testdata/bicycle_bivariate/circuit=bicycle_bivariate_144_12_12_memory_Z,distance=12,rounds=12,error_rate=0.003,noise_model=uniform_circuit,basis=CX,A=x^3+y+y^2,B=y^3+x+x^2.stim""}",
      1448,        23,         0,   134.8,relay-bp-paper-c0p500-w1p000,6c32626c492810dacad8fc0572a0dfc4a0fa445de1e8175eaf6141f9fadaeae9,"{""A"":""x^3+y+y^2"",""B"":""y^3+x+x^2"",""basis"":""CX"",""basis_filter_applied"":""Z"",""circuit"":""bicycle_bivariate_144_12_12_memory_Z"",""distance"":""12"",""error_rate"":""0.003"",""noise_model"":""uniform_circuit"",""p"":0.003,""rounds"":""12"",""stim_path"":""/hpc/group/pfisterlab/mg551/storage/relay/relay/tests/testdata/bicycle_bivariate/circuit=bicycle_bivariate_144_12_12_memory_Z,distance=12,rounds=12,error_rate=0.003,noise_model=uniform_circuit,basis=CX,A=x^3+y+y^2,B=y^3+x+x^2.stim""}",
      1696,        26,         0,   141.8,relay-bp-paper-c0p600-w1p000,9fb0e059ae71af998dc0522089a2c573f8f71ebd6249417905817d007cf9a707,"{""A"":""x^3+y+y^2"",""B"":""y^3+x+x^2"",""basis"":""CX"",""basis_filter_applied"":""Z"",""circuit"":""bicycle_bivariate_144_12_12_memory_Z"",""distance"":""12"",""error_rate"":""0.003"",""noise_model"":""uniform_circuit"",""p"":0.003,""rounds"":""12"",""stim_path"":""/hpc/group/pfisterlab/mg551/storage/relay/relay/tests/testdata/bicycle_bivariate/circuit=bicycle_bivariate_144_12_12_memory_Z,distance=12,rounds=12,error_rate=0.003,noise_model=uniform_circuit,basis=CX,A=x^3+y+y^2,B=y^3+x+x^2.stim""}",
      1312,        19,         0,   111.3,relay-bp-paper-c0p700-w1p000,e801e081161deee0c379165cbfa324b5403a2cfd698b0a90c61ae7810f7119d7,"{""A"":""x^3+y+y^2"",""B"":""y^3+x+x^2"",""basis"":""CX"",""basis_filter_applied"":""Z"",""circuit"":""bicycle_bivariate_144_12_12_memory_Z"",""distance"":""12"",""error_rate"":""0.003"",""noise_model"":""uniform_circuit"",""p"":0.003,""rounds"":""12"",""stim_path"":""/hpc/group/pfisterlab/mg551/storage/relay/relay/tests/testdata/bicycle_bivariate/circuit=bicycle_bivariate_144_12_12_memory_Z,distance=12,rounds=12,error_rate=0.003,noise_model=uniform_circuit,basis=CX,A=x^3+y+y^2,B=y^3+x+x^2.stim""}",
      1424,        22,         0,   124.5,relay-bp-paper-c0p800-w1p000,baad305e41ee25894b8dc8b1e5fbcfe07396207dc525df763e53953807935ccc,"{""A"":""x^3+y+y^2"",""B"":""y^3+x+x^2"",""basis"":""CX"",""basis_filter_applied"":""Z"",""circuit"":""bicycle_bivariate_144_12_12_memory_Z"",""distance"":""12"",""error_rate"":""0.003"",""noise_model"":""uniform_circuit"",""p"":0.003,""rounds"":""12"",""stim_path"":""/hpc/group/pfisterlab/mg551/storage/relay/relay/tests/testdata/bicycle_bivariate/circuit=bicycle_bivariate_144_12_12_memory_Z,distance=12,rounds=12,error_rate=0.003,noise_model=uniform_circuit,basis=CX,A=x^3+y+y^2,B=y^3+x+x^2.stim""}",
      1224,        22,         0,   123.7,relay-bp-paper-c0p900-w1p000,cf96427f31f7be1baf73ef2f578cb6d98b3289e85c9fa682e98e7fa411d931ba,"{""A"":""x^3+y+y^2"",""B"":""y^3+x+x^2"",""basis"":""CX"",""basis_filter_applied"":""Z"",""circuit"":""bicycle_bivariate_144_12_12_memory_Z"",""distance"":""12"",""error_rate"":""0.003"",""noise_model"":""uniform_circuit"",""p"":0.003,""rounds"":""12"",""stim_path"":""/hpc/group/pfisterlab/mg551/storage/relay/relay/tests/testdata/bicycle_bivariate/circuit=bicycle_bivariate_144_12_12_memory_Z,distance=12,rounds=12,error_rate=0.003,noise_model=uniform_circuit,basis=CX,A=x^3+y+y^2,B=y^3+x+x^2.stim""}",
      1472,        30,         0,   160.7,relay-bp-paper-c1p000-w1p000,a907492ec5fd8c2e7d7495214817bc4c28302986847ee8623ccac3400aab6611,"{""A"":""x^3+y+y^2"",""B"":""y^3+x+x^2"",""basis"":""CX"",""basis_filter_applied"":""Z"",""circuit"":""bicycle_bivariate_144_12_12_memory_Z"",""distance"":""12"",""error_rate"":""0.003"",""noise_model"":""uniform_circuit"",""p"":0.003,""rounds"":""12"",""stim_path"":""/hpc/group/pfisterlab/mg551/storage/relay/relay/tests/testdata/bicycle_bivariate/circuit=bicycle_bivariate_144_12_12_memory_Z,distance=12,rounds=12,error_rate=0.003,noise_model=uniform_circuit,basis=CX,A=x^3+y+y^2,B=y^3+x+x^2.stim""}",
      1200,        34,         0,   290.2,relay-bp-paper-c0p000-w1p200,3d96156878c53ff7fc4bf45f85fab0931f77d901581adce028ce89cb1ac59c3a,"{""A"":""x^3+y+y^2"",""B"":""y^3+x+x^2"",""basis"":""CX"",""basis_filter_applied"":""Z"",""circuit"":""bicycle_bivariate_144_12_12_memory_Z"",""distance"":""12"",""error_rate"":""0.003"",""noise_model"":""uniform_circuit"",""p"":0.003,""rounds"":""12"",""stim_path"":""/hpc/group/pfisterlab/mg551/storage/relay/relay/tests/testdata/bicycle_bivariate/circuit=bicycle_bivariate_144_12_12_memory_Z,distance=12,rounds=12,error_rate=0.003,noise_model=uniform_circuit,basis=CX,A=x^3+y+y^2,B=y^3+x+x^2.stim""}",
      1129,        15,         0,   187.9,relay-bp-paper-c0p100-w1p200,54beced7a8bfca8f06a3d361ad8f65b1fddacc2f2d18faa50078afb4211c0bca,"{""A"":""x^3+y+y^2"",""B"":""y^3+x+x^2"",""basis"":""CX"",""basis_filter_applied"":""Z"",""circuit"":""bicycle_bivariate_144_12_12_memory_Z"",""distance"":""12"",""error_rate"":""0.003"",""noise_model"":""uniform_circuit"",""p"":0.003,""rounds"":""12"",""stim_path"":""/hpc/group/pfisterlab/mg551/storage/relay/relay/tests/testdata/bicycle_bivariate/circuit=bicycle_bivariate_144_12_12_memory_Z,distance=12,rounds=12,error_rate=0.003,noise_model=uniform_circuit,basis=CX,A=x^3+y+y^2,B=y^3+x+x^2.stim""}",
      3032,         3,         0,    80.3,relay-bp-paper-c0p200-w1p200,e5622a11541ef52eb82361571466d7c74b61b6607d56d93770e185df61141e12,"{""A"":""x^3+y+y^2"",""B"":""y^3+x+x^2"",""basis"":""CX"",""basis_filter_applied"":""Z"",""circuit"":""bicycle_bivariate_144_12_12_memory_Z"",""distance"":""12"",""error_rate"":""0.003"",""noise_model"":""uniform_circuit"",""p"":0.003,""rounds"":""12"",""stim_path"":""/hpc/group/pfisterlab/mg551/storage/relay/relay/tests/testdata/bicycle_bivariate/circuit=bicycle_bivariate_144_12_12_memory_Z,distance=12,rounds=12,error_rate=0.003,noise_model=uniform_circuit,basis=CX,A=x^3+y+y^2,B=y^3+x+x^2.stim""}",
      1008,         1,         0,    9.43,relay-bp-paper-c0p300-w1p200,aaa5b5bf973fb053ddb2bf7613a355b8e8c531d784fce2c0ac34474553b90543,"{""A"":""x^3+y+y^2"",""B"":""y^3+x+x^2"",""basis"":""CX"",""basis_filter_applied"":""Z"",""circuit"":""bicycle_bivariate_144_12_12_memory_Z"",""distance"":""12"",""error_rate"":""0.003"",""noise_model"":""uniform_circuit"",""p"":0.003,""rounds"":""12"",""stim_path"":""/hpc/group/pfisterlab/mg551/storage/relay/relay/tests/testdata/bicycle_bivariate/circuit=bicycle_bivariate_144_12_12_memory_Z,distance=12,rounds=12,error_rate=0.003,noise_model=uniform_circuit,basis=CX,A=x^3+y+y^2,B=y^3+x+x^2.stim""}",
      1888,         3,         0,    23.7,relay-bp-paper-c0p400-w1p200,ba6d0cf6273c79c75233e88bd1291dea17e1bb3e93ea00bd8f2b3760b1c64f63,"{""A"":""x^3+y+y^2"",""B"":""y^3+x+x^2"",""basis"":""CX"",""basis_filter_applied"":""Z"",""circuit"":""bicycle_bivariate_144_12_12_memory_Z"",""distance"":""12"",""error_rate"":""0.003"",""noise_model"":""uniform_circuit"",""p"":0.003,""rounds"":""12"",""stim_path"":""/hpc/group/pfisterlab/mg551/storage/relay/relay/tests/testdata/bicycle_bivariate/circuit=bicycle_bivariate_144_12_12_memory_Z,distance=12,rounds=12,error_rate=0.003,noise_model=uniform_circuit,basis=CX,A=x^3+y+y^2,B=y^3+x+x^2.stim""}",
      1512,         8,         0,    27.6,relay-bp-paper-c0p500-w1p200,322633fcf6779e78eb9cd3c04ad92c425a0a9ac0c4661678f28104feb7deb64e,"{""A"":""x^3+y+y^2"",""B"":""y^3+x+x^2"",""basis"":""CX"",""basis_filter_applied"":""Z"",""circuit"":""bicycle_bivariate_144_12_12_memory_Z"",""distance"":""12"",""error_rate"":""0.003"",""noise_model"":""uniform_circuit"",""p"":0.003,""rounds"":""12"",""stim_path"":""/hpc/group/pfisterlab/mg551/storage/relay/relay/tests/testdata/bicycle_bivariate/circuit=bicycle_bivariate_144_12_12_memory_Z,distance=12,rounds=12,error_rate=0.003,noise_model=uniform_circuit,basis=CX,A=x^3+y+y^2,B=y^3+x+x^2.stim""}",
      1520,        26,         0,   137.1,relay-bp-paper-c0p600-w1p200,8582e19828a6d738509af3ad70653f40e6a922718f189df5a868cd6e15cf117c,"{""A"":""x^3+y+y^2"",""B"":""y^3+x+x^2"",""basis"":""CX"",""basis_filter_applied"":""Z"",""circuit"":""bicycle_bivariate_144_12_12_memory_Z"",""distance"":""12"",""error_rate"":""0.003"",""noise_model"":""uniform_circuit"",""p"":0.003,""rounds"":""12"",""stim_path"":""/hpc/group/pfisterlab/mg551/storage/relay/relay/tests/testdata/bicycle_bivariate/circuit=bicycle_bivariate_144_12_12_memory_Z,distance=12,rounds=12,error_rate=0.003,noise_model=uniform_circuit,basis=CX,A=x^3+y+y^2,B=y^3+x+x^2.stim""}",
      1728,        17,         0,    99.9,relay-bp-paper-c0p700-w1p200,cf2fd9187753e4ce772e257377a673c11b794d056bd920116fa93f74de6c1ee2,"{""A"":""x^3+y+y^2"",""B"":""y^3+x+x^2"",""basis"":""CX"",""basis_filter_applied"":""Z"",""circuit"":""bicycle_bivariate_144_12_12_memory_Z"",""distance"":""12"",""error_rate"":""0.003"",""noise_model"":""uniform_circuit"",""p"":0.003,""rounds"":""12"",""stim_path"":""/hpc/group/pfisterlab/mg551/storage/relay/relay/tests/testdata/bicycle_bivariate/circuit=bicycle_bivariate_144_12_12_memory_Z,distance=12,rounds=12,error_rate=0.003,noise_model=uniform_circuit,basis=CX,A=x^3+y+y^2,B=y^3+x+x^2.stim""}",
      1424,        19,         0,    96.5,relay-bp-paper-c0p800-w1p200,7dbcadc6e513fc760a62e54d54dbd183f26052a7db30bb0bd255b5100e439c5a,"{""A"":""x^3+y+y^2"",""B"":""y^3+x+x^2"",""basis"":""CX"",""basis_filter_applied"":""Z"",""circuit"":""bicycle_bivariate_144_12_12_memory_Z"",""distance"":""12"",""error_rate"":""0.003"",""noise_model"":""uniform_circuit"",""p"":0.003,""rounds"":""12"",""stim_path"":""/hpc/group/pfisterlab/mg551/storage/relay/relay/tests/testdata/bicycle_bivariate/circuit=bicycle_bivariate_144_12_12_memory_Z,distance=12,rounds=12,error_rate=0.003,noise_model=uniform_circuit,basis=CX,A=x^3+y+y^2,B=y^3+x+x^2.stim""}",
      1440,        22,         0,   107.4,relay-bp-paper-c0p900-w1p200,8aff76d832e76f2dd6d63179f5f8c6a52bce7bddf18d81ae2a3ad733bbdcad95,"{""A"":""x^3+y+y^2"",""B"":""y^3+x+x^2"",""basis"":""CX"",""basis_filter_applied"":""Z"",""circuit"":""bicycle_bivariate_144_12_12_memory_Z"",""distance"":""12"",""error_rate"":""0.003"",""noise_model"":""uniform_circuit"",""p"":0.003,""rounds"":""12"",""stim_path"":""/hpc/group/pfisterlab/mg551/storage/relay/relay/tests/testdata/bicycle_bivariate/circuit=bicycle_bivariate_144_12_12_memory_Z,distance=12,rounds=12,error_rate=0.003,noise_model=uniform_circuit,basis=CX,A=x^3+y+y^2,B=y^3+x+x^2.stim""}",
      1712,        21,         0,   123.8,relay-bp-paper-c1p000-w1p200,34ef6e966e3c764ab5071f7bd6c90ad23be403eef4c9e85a1b2c032842ef85e6,"{""A"":""x^3+y+y^2"",""B"":""y^3+x+x^2"",""basis"":""CX"",""basis_filter_applied"":""Z"",""circuit"":""bicycle_bivariate_144_12_12_memory_Z"",""distance"":""12"",""error_rate"":""0.003"",""noise_model"":""uniform_circuit"",""p"":0.003,""rounds"":""12"",""stim_path"":""/hpc/group/pfisterlab/mg551/storage/relay/relay/tests/testdata/bicycle_bivariate/circuit=bicycle_bivariate_144_12_12_memory_Z,distance=12,rounds=12,error_rate=0.003,noise_model=uniform_circuit,basis=CX,A=x^3+y+y^2,B=y^3+x+x^2.stim""}",
      1064,        35,         0,   278.8,relay-bp-paper-c0p000-w1p400,48034f4ef293b6271b4be4aeaca4dfc909ff23128a8a9ce3e470ad5c57703f85,"{""A"":""x^3+y+y^2"",""B"":""y^3+x+x^2"",""basis"":""CX"",""basis_filter_applied"":""Z"",""circuit"":""bicycle_bivariate_144_12_12_memory_Z"",""distance"":""12"",""error_rate"":""0.003"",""noise_model"":""uniform_circuit"",""p"":0.003,""rounds"":""12"",""stim_path"":""/hpc/group/pfisterlab/mg551/storage/relay/relay/tests/testdata/bicycle_bivariate/circuit=bicycle_bivariate_144_12_12_memory_Z,distance=12,rounds=12,error_rate=0.003,noise_model=uniform_circuit,basis=CX,A=x^3+y+y^2,B=y^3+x+x^2.stim""}",
      1152,        41,         0,   301.3,relay-bp-paper-c0p100-w1p400,046361fb8877734b231a2b67eef2cc2391f9beaca154161b58c98947bfa3bb4d,"{""A"":""x^3+y+y^2"",""B"":""y^3+x+x^2"",""basis"":""CX"",""basis_filter_applied"":""Z"",""circuit"":""bicycle_bivariate_144_12_12_memory_Z"",""distance"":""12"",""error_rate"":""0.003"",""noise_model"":""uniform_circuit"",""p"":0.003,""rounds"":""12"",""stim_path"":""/hpc/group/pfisterlab/mg551/storage/relay/relay/tests/testdata/bicycle_bivariate/circuit=bicycle_bivariate_144_12_12_memory_Z,distance=12,rounds=12,error_rate=0.003,noise_model=uniform_circuit,basis=CX,A=x^3+y+y^2,B=y^3+x+x^2.stim""}",
      2016,         9,         0,   150.4,relay-bp-paper-c0p200-w1p400,c4c8f1478e8d1a7e2f45ca53c0726de366d2531c7f217e7741da427bbaa48c4c,"{""A"":""x^3+y+y^2"",""B"":""y^3+x+x^2"",""basis"":""CX"",""basis_filter_applied"":""Z"",""circuit"":""bicycle_bivariate_144_12_12_memory_Z"",""distance"":""12"",""error_rate"":""0.003"",""noise_model"":""uniform_circuit"",""p"":0.003,""rounds"":""12"",""stim_path"":""/hpc/group/pfisterlab/mg551/storage/relay/relay/tests/testdata/bicycle_bivariate/circuit=bicycle_bivariate_144_12_12_memory_Z,distance=12,rounds=12,error_rate=0.003,noise_model=uniform_circuit,basis=CX,A=x^3+y+y^2,B=y^3+x+x^2.stim""}",
      2936,         2,         0,    64.3,relay-bp-paper-c0p300-w1p400,6d6cfb3bb7aaac27f4f781531cd4de150443729a2c5e8e72550090f551df4fcc,"{""A"":""x^3+y+y^2"",""B"":""y^3+x+x^2"",""basis"":""CX"",""basis_filter_applied"":""Z"",""circuit"":""bicycle_bivariate_144_12_12_memory_Z"",""distance"":""12"",""error_rate"":""0.003"",""noise_model"":""uniform_circuit"",""p"":0.003,""rounds"":""12"",""stim_path"":""/hpc/group/pfisterlab/mg551/storage/relay/relay/tests/testdata/bicycle_bivariate/circuit=bicycle_bivariate_144_12_12_memory_Z,distance=12,rounds=12,error_rate=0.003,noise_model=uniform_circuit,basis=CX,A=x^3+y+y^2,B=y^3+x+x^2.stim""}",
      1024,         5,         0,    21.9,relay-bp-paper-c0p400-w1p400,7f5a9ad2177493f2d6a38ba3b71a4b51b0a736451e8b102136d43b1a8b54f79d,"{""A"":""x^3+y+y^2"",""B"":""y^3+x+x^2"",""basis"":""CX"",""basis_filter_applied"":""Z"",""circuit"":""bicycle_bivariate_144_12_12_memory_Z"",""distance"":""12"",""error_rate"":""0.003"",""noise_model"":""uniform_circuit"",""p"":0.003,""rounds"":""12"",""stim_path"":""/hpc/group/pfisterlab/mg551/storage/relay/relay/tests/testdata/bicycle_bivariate/circuit=bicycle_bivariate_144_12_12_memory_Z,distance=12,rounds=12,error_rate=0.003,noise_model=uniform_circuit,basis=CX,A=x^3+y+y^2,B=y^3+x+x^2.stim""}",
       486,         2,         0,    8.43,relay-bp-paper-c0p500-w1p400,cb4df6a39051cc11182e1ebd7e496a9321db6c33a040bb7768aa0c7be07e1ad8,"{""A"":""x^3+y+y^2"",""B"":""y^3+x+x^2"",""basis"":""CX"",""basis_filter_applied"":""Z"",""circuit"":""bicycle_bivariate_144_12_12_memory_Z"",""distance"":""12"",""error_rate"":""0.003"",""noise_model"":""uniform_circuit"",""p"":0.003,""rounds"":""12"",""stim_path"":""/hpc/group/pfisterlab/mg551/storage/relay/relay/tests/testdata/bicycle_bivariate/circuit=bicycle_bivariate_144_12_12_memory_Z,distance=12,rounds=12,error_rate=0.003,noise_model=uniform_circuit,basis=CX,A=x^3+y+y^2,B=y^3+x+x^2.stim""}",
       137,         4,         0,    3.21,relay-bp-paper-c0p600-w1p400,4ea47641752616c6c973d0fc3619cdb33d1fe5fc38560ce679de01c6016f56f1,"{""A"":""x^3+y+y^2"",""B"":""y^3+x+x^2"",""basis"":""CX"",""basis_filter_applied"":""Z"",""circuit"":""bicycle_bivariate_144_12_12_memory_Z"",""distance"":""12"",""error_rate"":""0.003"",""noise_model"":""uniform_circuit"",""p"":0.003,""rounds"":""12"",""stim_path"":""/hpc/group/pfisterlab/mg551/storage/relay/relay/tests/testdata/bicycle_bivariate/circuit=bicycle_bivariate_144_12_12_memory_Z,distance=12,rounds=12,error_rate=0.003,noise_model=uniform_circuit,basis=CX,A=x^3+y+y^2,B=y^3+x+x^2.stim""}",
       270,         6,         0,    11.1,relay-bp-paper-c0p700-w1p400,1188b2eedfa46c8a9280f2bf4b85fb3a510f544ea00b72f3acdde514e500a4db,"{""A"":""x^3+y+y^2"",""B"":""y^3+x+x^2"",""basis"":""CX"",""basis_filter_applied"":""Z"",""circuit"":""bicycle_bivariate_144_12_12_memory_Z"",""distance"":""12"",""error_rate"":""0.003"",""noise_model"":""uniform_circuit"",""p"":0.003,""rounds"":""12"",""stim_path"":""/hpc/group/pfisterlab/mg551/storage/relay/relay/tests/testdata/bicycle_bivariate/circuit=bicycle_bivariate_144_12_12_memory_Z,distance=12,rounds=12,error_rate=0.003,noise_model=uniform_circuit,basis=CX,A=x^3+y+y^2,B=y^3+x+x^2.stim""}",
      1336,        19,         0,    93.6,relay-bp-paper-c0p800-w1p400,8a178153711dc6b25a5cbc136f2d1c20371422470b1d37755031fbe5e097b534,"{""A"":""x^3+y+y^2"",""B"":""y^3+x+x^2"",""basis"":""CX"",""basis_filter_applied"":""Z"",""circuit"":""bicycle_bivariate_144_12_12_memory_Z"",""distance"":""12"",""error_rate"":""0.003"",""noise_model"":""uniform_circuit"",""p"":0.003,""rounds"":""12"",""stim_path"":""/hpc/group/pfisterlab/mg551/storage/relay/relay/tests/testdata/bicycle_bivariate/circuit=bicycle_bivariate_144_12_12_memory_Z,distance=12,rounds=12,error_rate=0.003,noise_model=uniform_circuit,basis=CX,A=x^3+y+y^2,B=y^3+x+x^2.stim""}",
      1280,        18,         0,    91.0,relay-bp-paper-c0p900-w1p400,ad3b340053d4bcab6026d12fd032afa360701a352a0109d60a9d7dc68f4be50e,"{""A"":""x^3+y+y^2"",""B"":""y^3+x+x^2"",""basis"":""CX"",""basis_filter_applied"":""Z"",""circuit"":""bicycle_bivariate_144_12_12_memory_Z"",""distance"":""12"",""error_rate"":""0.003"",""noise_model"":""uniform_circuit"",""p"":0.003,""rounds"":""12"",""stim_path"":""/hpc/group/pfisterlab/mg551/storage/relay/relay/tests/testdata/bicycle_bivariate/circuit=bicycle_bivariate_144_12_12_memory_Z,distance=12,rounds=12,error_rate=0.003,noise_model=uniform_circuit,basis=CX,A=x^3+y+y^2,B=y^3+x+x^2.stim""}",
      1520,        22,         0,   139.0,relay-bp-paper-c1p000-w1p400,29565f68eeffa897e5e9a7fa7de7bbe1232d928d57e0d69623d15a32ce43196a,"{""A"":""x^3+y+y^2"",""B"":""y^3+x+x^2"",""basis"":""CX"",""basis_filter_applied"":""Z"",""circuit"":""bicycle_bivariate_144_12_12_memory_Z"",""distance"":""12"",""error_rate"":""0.003"",""noise_model"":""uniform_circuit"",""p"":0.003,""rounds"":""12"",""stim_path"":""/hpc/group/pfisterlab/mg551/storage/relay/relay/tests/testdata/bicycle_bivariate/circuit=bicycle_bivariate_144_12_12_memory_Z,distance=12,rounds=12,error_rate=0.003,noise_model=uniform_circuit,basis=CX,A=x^3+y+y^2,B=y^3+x+x^2.stim""}",
      1016,        27,         0,   222.7,relay-bp-paper-c0p000-w1p600,08524e3e68d8f0c77c94d2578f27c450b473e840121df32639951629293483a1,"{""A"":""x^3+y+y^2"",""B"":""y^3+x+x^2"",""basis"":""CX"",""basis_filter_applied"":""Z"",""circuit"":""bicycle_bivariate_144_12_12_memory_Z"",""distance"":""12"",""error_rate"":""0.003"",""noise_model"":""uniform_circuit"",""p"":0.003,""rounds"":""12"",""stim_path"":""/hpc/group/pfisterlab/mg551/storage/relay/relay/tests/testdata/bicycle_bivariate/circuit=bicycle_bivariate_144_12_12_memory_Z,distance=12,rounds=12,error_rate=0.003,noise_model=uniform_circuit,basis=CX,A=x^3+y+y^2,B=y^3+x+x^2.stim""}",
      1048,        39,         0,   299.6,relay-bp-paper-c0p100-w1p600,b7368d69c989a87c2ac635ab9ba957ab744a8dcd18fedd05a3e47b2b834ac942,"{""A"":""x^3+y+y^2"",""B"":""y^3+x+x^2"",""basis"":""CX"",""basis_filter_applied"":""Z"",""circuit"":""bicycle_bivariate_144_12_12_memory_Z"",""distance"":""12"",""error_rate"":""0.003"",""noise_model"":""uniform_circuit"",""p"":0.003,""rounds"":""12"",""stim_path"":""/hpc/group/pfisterlab/mg551/storage/relay/relay/tests/testdata/bicycle_bivariate/circuit=bicycle_bivariate_144_12_12_memory_Z,distance=12,rounds=12,error_rate=0.003,noise_model=uniform_circuit,basis=CX,A=x^3+y+y^2,B=y^3+x+x^2.stim""}",
       976,        15,         0,   158.5,relay-bp-paper-c0p200-w1p600,1842e3f85a6bb29a4857732eabdb7f79b713f45ed606fa3ea5c3521e5785f58c,"{""A"":""x^3+y+y^2"",""B"":""y^3+x+x^2"",""basis"":""CX"",""basis_filter_applied"":""Z"",""circuit"":""bicycle_bivariate_144_12_12_memory_Z"",""distance"":""12"",""error_rate"":""0.003"",""noise_model"":""uniform_circuit"",""p"":0.003,""rounds"":""12"",""stim_path"":""/hpc/group/pfisterlab/mg551/storage/relay/relay/tests/testdata/bicycle_bivariate/circuit=bicycle_bivariate_144_12_12_memory_Z,distance=12,rounds=12,error_rate=0.003,noise_model=uniform_circuit,basis=CX,A=x^3+y+y^2,B=y^3+x+x^2.stim""}",
       896,        11,         0,    90.7,relay-bp-paper-c0p300-w1p600,4df7a6fdf7cd118b3d6e4dd3e0b2f1dea63c9392c03bd141572da0e61ebb467a,"{""A"":""x^3+y+y^2"",""B"":""y^3+x+x^2"",""basis"":""CX"",""basis_filter_applied"":""Z"",""circuit"":""bicycle_bivariate_144_12_12_memory_Z"",""distance"":""12"",""error_rate"":""0.003"",""noise_model"":""uniform_circuit"",""p"":0.003,""rounds"":""12"",""stim_path"":""/hpc/group/pfisterlab/mg551/storage/relay/relay/tests/testdata/bicycle_bivariate/circuit=bicycle_bivariate_144_12_12_memory_Z,distance=12,rounds=12,error_rate=0.003,noise_model=uniform_circuit,basis=CX,A=x^3+y+y^2,B=y^3+x+x^2.stim""}",
       976,         9,         0,   105.6,relay-bp-paper-c0p400-w1p600,a1cb8ec6ba3847ea8f2a404e093f16629219033fa1a7461fbec0cb10d58dbc10,"{""A"":""x^3+y+y^2"",""B"":""y^3+x+x^2"",""basis"":""CX"",""basis_filter_applied"":""Z"",""circuit"":""bicycle_bivariate_144_12_12_memory_Z"",""distance"":""12"",""error_rate"":""0.003"",""noise_model"":""uniform_circuit"",""p"":0.003,""rounds"":""12"",""stim_path"":""/hpc/group/pfisterlab/mg551/storage/relay/relay/tests/testdata/bicycle_bivariate/circuit=bicycle_bivariate_144_12_12_memory_Z,distance=12,rounds=12,error_rate=0.003,noise_model=uniform_circuit,basis=CX,A=x^3+y+y^2,B=y^3+x+x^2.stim""}",
      1401,        21,         0,   187.4,relay-bp-paper-c0p500-w1p600,94a9d5fe7fabe275df99379b5b8ff62c75c74b72564b4713b308aaa591bdcce2,"{""A"":""x^3+y+y^2"",""B"":""y^3+x+x^2"",""basis"":""CX"",""basis_filter_applied"":""Z"",""circuit"":""bicycle_bivariate_144_12_12_memory_Z"",""distance"":""12"",""error_rate"":""0.003"",""noise_model"":""uniform_circuit"",""p"":0.003,""rounds"":""12"",""stim_path"":""/hpc/group/pfisterlab/mg551/storage/relay/relay/tests/testdata/bicycle_bivariate/circuit=bicycle_bivariate_144_12_12_memory_Z,distance=12,rounds=12,error_rate=0.003,noise_model=uniform_circuit,basis=CX,A=x^3+y+y^2,B=y^3+x+x^2.stim""}",
      1385,        21,         0,   167.5,relay-bp-paper-c0p600-w1p600,e7722e2fa50f35b1e02f052d48f77b285b37f26956f7af9bbfd2d32536bc850b,"{""A"":""x^3+y+y^2"",""B"":""y^3+x+x^2"",""basis"":""CX"",""basis_filter_applied"":""Z"",""circuit"":""bicycle_bivariate_144_12_12_memory_Z"",""distance"":""12"",""error_rate"":""0.003"",""noise_model"":""uniform_circuit"",""p"":0.003,""rounds"":""12"",""stim_path"":""/hpc/group/pfisterlab/mg551/storage/relay/relay/tests/testdata/bicycle_bivariate/circuit=bicycle_bivariate_144_12_12_memory_Z,distance=12,rounds=12,error_rate=0.003,noise_model=uniform_circuit,basis=CX,A=x^3+y+y^2,B=y^3+x+x^2.stim""}",
      1040,        14,         0,    88.0,relay-bp-paper-c0p700-w1p600,c22cb9dbfbd9aff088c471c22f003726b2da15b92659bb2b60bf6040b3ee69c6,"{""A"":""x^3+y+y^2"",""B"":""y^3+x+x^2"",""basis"":""CX"",""basis_filter_applied"":""Z"",""circuit"":""bicycle_bivariate_144_12_12_memory_Z"",""distance"":""12"",""error_rate"":""0.003"",""noise_model"":""uniform_circuit"",""p"":0.003,""rounds"":""12"",""stim_path"":""/hpc/group/pfisterlab/mg551/storage/relay/relay/tests/testdata/bicycle_bivariate/circuit=bicycle_bivariate_144_12_12_memory_Z,distance=12,rounds=12,error_rate=0.003,noise_model=uniform_circuit,basis=CX,A=x^3+y+y^2,B=y^3+x+x^2.stim""}",
       783,         8,         0,    19.7,relay-bp-paper-c0p800-w1p600,f198a132216bddb87e21bce99b6cee4a2ccdc3f8205e9b91dcc7251436cf0017,"{""A"":""x^3+y+y^2"",""B"":""y^3+x+x^2"",""basis"":""CX"",""basis_filter_applied"":""Z"",""circuit"":""bicycle_bivariate_144_12_12_memory_Z"",""distance"":""12"",""error_rate"":""0.003"",""noise_model"":""uniform_circuit"",""p"":0.003,""rounds"":""12"",""stim_path"":""/hpc/group/pfisterlab/mg551/storage/relay/relay/tests/testdata/bicycle_bivariate/circuit=bicycle_bivariate_144_12_12_memory_Z,distance=12,rounds=12,error_rate=0.003,noise_model=uniform_circuit,basis=CX,A=x^3+y+y^2,B=y^3+x+x^2.stim""}",
      2080,        26,         0,   141.3,relay-bp-paper-c0p900-w1p600,bfe176c45815ffcd447face88e99a68cf5a116b26509faad14e7f057f07f1b7e,"{""A"":""x^3+y+y^2"",""B"":""y^3+x+x^2"",""basis"":""CX"",""basis_filter_applied"":""Z"",""circuit"":""bicycle_bivariate_144_12_12_memory_Z"",""distance"":""12"",""error_rate"":""0.003"",""noise_model"":""uniform_circuit"",""p"":0.003,""rounds"":""12"",""stim_path"":""/hpc/group/pfisterlab/mg551/storage/relay/relay/tests/testdata/bicycle_bivariate/circuit=bicycle_bivariate_144_12_12_memory_Z,distance=12,rounds=12,error_rate=0.003,noise_model=uniform_circuit,basis=CX,A=x^3+y+y^2,B=y^3+x+x^2.stim""}",
       884,        17,         0,   126.9,relay-bp-paper-c1p000-w1p600,0e1db06453d5d79a8c44d202e292f5abc87ae6704b18addd8e0c3d2d3918343f,"{""A"":""x^3+y+y^2"",""B"":""y^3+x+x^2"",""basis"":""CX"",""basis_filter_applied"":""Z"",""circuit"":""bicycle_bivariate_144_12_12_memory_Z"",""distance"":""12"",""error_rate"":""0.003"",""noise_model"":""uniform_circuit"",""p"":0.003,""rounds"":""12"",""stim_path"":""/hpc/group/pfisterlab/mg551/storage/relay/relay/tests/testdata/bicycle_bivariate/circuit=bicycle_bivariate_144_12_12_memory_Z,distance=12,rounds=12,error_rate=0.003,noise_model=uniform_circuit,basis=CX,A=x^3+y+y^2,B=y^3+x+x^2.stim""}",
       808,        29,         0,   222.6,relay-bp-paper-c0p000-w1p800,08657f63c19720c5973c4c374c39700cfe9d72c694851a1da27d5201c2b46a3f,"{""A"":""x^3+y+y^2"",""B"":""y^3+x+x^2"",""basis"":""CX"",""basis_filter_applied"":""Z"",""circuit"":""bicycle_bivariate_144_12_12_memory_Z"",""distance"":""12"",""error_rate"":""0.003"",""noise_model"":""uniform_circuit"",""p"":0.003,""rounds"":""12"",""stim_path"":""/hpc/group/pfisterlab/mg551/storage/relay/relay/tests/testdata/bicycle_bivariate/circuit=bicycle_bivariate_144_12_12_memory_Z,distance=12,rounds=12,error_rate=0.003,noise_model=uniform_circuit,basis=CX,A=x^3+y+y^2,B=y^3+x+x^2.stim""}",
       976,        34,         0,   273.2,relay-bp-paper-c0p100-w1p800,fd4295c9c83cf950b3a53cf1bba86b7cc77c8da80825766415281cabb2c8dd72,"{""A"":""x^3+y+y^2"",""B"":""y^3+x+x^2"",""basis"":""CX"",""basis_filter_applied"":""Z"",""circuit"":""bicycle_bivariate_144_12_12_memory_Z"",""distance"":""12"",""error_rate"":""0.003"",""noise_model"":""uniform_circuit"",""p"":0.003,""rounds"":""12"",""stim_path"":""/hpc/group/pfisterlab/mg551/storage/relay/relay/tests/testdata/bicycle_bivariate/circuit=bicycle_bivariate_144_12_12_memory_Z,distance=12,rounds=12,error_rate=0.003,noise_model=uniform_circuit,basis=CX,A=x^3+y+y^2,B=y^3+x+x^2.stim""}",
       624,        24,         0,   185.5,relay-bp-paper-c0p200-w1p800,9223447bbbc8c22811988ff72a78b42825d10e935d0be831ad020717c8cddba2,"{""A"":""x^3+y+y^2"",""B"":""y^3+x+x^2"",""basis"":""CX"",""basis_filter_applied"":""Z"",""circuit"":""bicycle_bivariate_144_12_12_memory_Z"",""distance"":""12"",""error_rate"":""0.003"",""noise_model"":""uniform_circuit"",""p"":0.003,""rounds"":""12"",""stim_path"":""/hpc/group/pfisterlab/mg551/storage/relay/relay/tests/testdata/bicycle_bivariate/circuit=bicycle_bivariate_144_12_12_memory_Z,distance=12,rounds=12,error_rate=0.003,noise_model=uniform_circuit,basis=CX,A=x^3+y+y^2,B=y^3+x+x^2.stim""}",
       760,        23,         0,   186.3,relay-bp-paper-c0p300-w1p800,eb0cced6e36e87fd24cb301893fb5d08a812dcb32a6740a6696cb4044bd42cf2,"{""A"":""x^3+y+y^2"",""B"":""y^3+x+x^2"",""basis"":""CX"",""basis_filter_applied"":""Z"",""circuit"":""bicycle_bivariate_144_12_12_memory_Z"",""distance"":""12"",""error_rate"":""0.003"",""noise_model"":""uniform_circuit"",""p"":0.003,""rounds"":""12"",""stim_path"":""/hpc/group/pfisterlab/mg551/storage/relay/relay/tests/testdata/bicycle_bivariate/circuit=bicycle_bivariate_144_12_12_memory_Z,distance=12,rounds=12,error_rate=0.003,noise_model=uniform_circuit,basis=CX,A=x^3+y+y^2,B=y^3+x+x^2.stim""}",
       680,        23,         0,   218.5,relay-bp-paper-c0p400-w1p800,0c46c1379be97f941c16be13af6057cbe5425f25c10fc41428a0e69b92008c56,"{""A"":""x^3+y+y^2"",""B"":""y^3+x+x^2"",""basis"":""CX"",""basis_filter_applied"":""Z"",""circuit"":""bicycle_bivariate_144_12_12_memory_Z"",""distance"":""12"",""error_rate"":""0.003"",""noise_model"":""uniform_circuit"",""p"":0.003,""rounds"":""12"",""stim_path"":""/hpc/group/pfisterlab/mg551/storage/relay/relay/tests/testdata/bicycle_bivariate/circuit=bicycle_bivariate_144_12_12_memory_Z,distance=12,rounds=12,error_rate=0.003,noise_model=uniform_circuit,basis=CX,A=x^3+y+y^2,B=y^3+x+x^2.stim""}",
      1120,        29,         0,   215.9,relay-bp-paper-c0p500-w1p800,e36387fa39d6486c7387736a2c1b81f8c4b6c6cc8f34b33ad7057ee0d9716c5f,"{""A"":""x^3+y+y^2"",""B"":""y^3+x+x^2"",""basis"":""CX"",""basis_filter_applied"":""Z"",""circuit"":""bicycle_bivariate_144_12_12_memory_Z"",""distance"":""12"",""error_rate"":""0.003"",""noise_model"":""uniform_circuit"",""p"":0.003,""rounds"":""12"",""stim_path"":""/hpc/group/pfisterlab/mg551/storage/relay/relay/tests/testdata/bicycle_bivariate/circuit=bicycle_bivariate_144_12_12_memory_Z,distance=12,rounds=12,error_rate=0.003,noise_model=uniform_circuit,basis=CX,A=x^3+y+y^2,B=y^3+x+x^2.stim""}",
       872,        21,         0,   172.2,relay-bp-paper-c0p600-w1p800,e5f8b6a46e49b6db1b91e6ed0989eef338e163a50a4920ac31df43744f8c73db,"{""A"":""x^3+y+y^2"",""B"":""y^3+x+x^2"",""basis"":""CX"",""basis_filter_applied"":""Z"",""circuit"":""bicycle_bivariate_144_12_12_memory_Z"",""distance"":""12"",""error_rate"":""0.003"",""noise_model"":""uniform_circuit"",""p"":0.003,""rounds"":""12"",""stim_path"":""/hpc/group/pfisterlab/mg551/storage/relay/relay/tests/testdata/bicycle_bivariate/circuit=bicycle_bivariate_144_12_12_memory_Z,distance=12,rounds=12,error_rate=0.003,noise_model=uniform_circuit,basis=CX,A=x^3+y+y^2,B=y^3+x+x^2.stim""}",
       592,        18,         0,   146.5,relay-bp-paper-c0p700-w1p800,cec35139e4463fea1eb7d53150a72bed2956e1f6f6ee55ae029bf3bd567fdaf7,"{""A"":""x^3+y+y^2"",""B"":""y^3+x+x^2"",""basis"":""CX"",""basis_filter_applied"":""Z"",""circuit"":""bicycle_bivariate_144_12_12_memory_Z"",""distance"":""12"",""error_rate"":""0.003"",""noise_model"":""uniform_circuit"",""p"":0.003,""rounds"":""12"",""stim_path"":""/hpc/group/pfisterlab/mg551/storage/relay/relay/tests/testdata/bicycle_bivariate/circuit=bicycle_bivariate_144_12_12_memory_Z,distance=12,rounds=12,error_rate=0.003,noise_model=uniform_circuit,basis=CX,A=x^3+y+y^2,B=y^3+x+x^2.stim""}",
      1032,        22,         0,   196.9,relay-bp-paper-c0p800-w1p800,dc8f7629f12e46ac9c19b7310b2b7863ac2a7b22801a34fa0e3859d7a4d6e0c0,"{""A"":""x^3+y+y^2"",""B"":""y^3+x+x^2"",""basis"":""CX"",""basis_filter_applied"":""Z"",""circuit"":""bicycle_bivariate_144_12_12_memory_Z"",""distance"":""12"",""error_rate"":""0.003"",""noise_model"":""uniform_circuit"",""p"":0.003,""rounds"":""12"",""stim_path"":""/hpc/group/pfisterlab/mg551/storage/relay/relay/tests/testdata/bicycle_bivariate/circuit=bicycle_bivariate_144_12_12_memory_Z,distance=12,rounds=12,error_rate=0.003,noise_model=uniform_circuit,basis=CX,A=x^3+y+y^2,B=y^3+x+x^2.stim""}",
       880,         9,         0,    23.0,relay-bp-paper-c0p900-w1p800,e7c4e2b9ab3227d269e7fc9d0f06890942199ab5915fb4a98ea819d12f8e5df6,"{""A"":""x^3+y+y^2"",""B"":""y^3+x+x^2"",""basis"":""CX"",""basis_filter_applied"":""Z"",""circuit"":""bicycle_bivariate_144_12_12_memory_Z"",""distance"":""12"",""error_rate"":""0.003"",""noise_model"":""uniform_circuit"",""p"":0.003,""rounds"":""12"",""stim_path"":""/hpc/group/pfisterlab/mg551/storage/relay/relay/tests/testdata/bicycle_bivariate/circuit=bicycle_bivariate_144_12_12_memory_Z,distance=12,rounds=12,error_rate=0.003,noise_model=uniform_circuit,basis=CX,A=x^3+y+y^2,B=y^3+x+x^2.stim""}",
      1152,        13,         0,    84.6,relay-bp-paper-c1p000-w1p800,5c9fc2bf825deb53dcbc7ae5ea61ffd236bb8b01c3746e990ffdefc2076c6f48,"{""A"":""x^3+y+y^2"",""B"":""y^3+x+x^2"",""basis"":""CX"",""basis_filter_applied"":""Z"",""circuit"":""bicycle_bivariate_144_12_12_memory_Z"",""distance"":""12"",""error_rate"":""0.003"",""noise_model"":""uniform_circuit"",""p"":0.003,""rounds"":""12"",""stim_path"":""/hpc/group/pfisterlab/mg551/storage/relay/relay/tests/testdata/bicycle_bivariate/circuit=bicycle_bivariate_144_12_12_memory_Z,distance=12,rounds=12,error_rate=0.003,noise_model=uniform_circuit,basis=CX,A=x^3+y+y^2,B=y^3+x+x^2.stim""}",
       536,        18,         0,   177.5,relay-bp-paper-c0p000-w2p000,0a849c464ef6d850bb25063c6e8791c7f1f7872eecfd3ce866fdea9ab7a2ef37,"{""A"":""x^3+y+y^2"",""B"":""y^3+x+x^2"",""basis"":""CX"",""basis_filter_applied"":""Z"",""circuit"":""bicycle_bivariate_144_12_12_memory_Z"",""distance"":""12"",""error_rate"":""0.003"",""noise_model"":""uniform_circuit"",""p"":0.003,""rounds"":""12"",""stim_path"":""/hpc/group/pfisterlab/mg551/storage/relay/relay/tests/testdata/bicycle_bivariate/circuit=bicycle_bivariate_144_12_12_memory_Z,distance=12,rounds=12,error_rate=0.003,noise_model=uniform_circuit,basis=CX,A=x^3+y+y^2,B=y^3+x+x^2.stim""}",
       904,        29,         0,   230.4,relay-bp-paper-c0p100-w2p000,f773043e3843d224e3b4db87d2f21a3539dc6909b7d2c8bebdefb75b70b2fe1c,"{""A"":""x^3+y+y^2"",""B"":""y^3+x+x^2"",""basis"":""CX"",""basis_filter_applied"":""Z"",""circuit"":""bicycle_bivariate_144_12_12_memory_Z"",""distance"":""12"",""error_rate"":""0.003"",""noise_model"":""uniform_circuit"",""p"":0.003,""rounds"":""12"",""stim_path"":""/hpc/group/pfisterlab/mg551/storage/relay/relay/tests/testdata/bicycle_bivariate/circuit=bicycle_bivariate_144_12_12_memory_Z,distance=12,rounds=12,error_rate=0.003,noise_model=uniform_circuit,basis=CX,A=x^3+y+y^2,B=y^3+x+x^2.stim""}",
       672,        23,         0,   188.2,relay-bp-paper-c0p200-w2p000,d489493aeb32cacbd081426dd378e46d3f2f56597f99141e53dea8215e64c255,"{""A"":""x^3+y+y^2"",""B"":""y^3+x+x^2"",""basis"":""CX"",""basis_filter_applied"":""Z"",""circuit"":""bicycle_bivariate_144_12_12_memory_Z"",""distance"":""12"",""error_rate"":""0.003"",""noise_model"":""uniform_circuit"",""p"":0.003,""rounds"":""12"",""stim_path"":""/hpc/group/pfisterlab/mg551/storage/relay/relay/tests/testdata/bicycle_bivariate/circuit=bicycle_bivariate_144_12_12_memory_Z,distance=12,rounds=12,error_rate=0.003,noise_model=uniform_circuit,basis=CX,A=x^3+y+y^2,B=y^3+x+x^2.stim""}",
       784,        23,         0,   184.1,relay-bp-paper-c0p300-w2p000,aeb20979b5272323ce3a75ce79a896f55e2c9dfa4140693037c94f8f1ba63c9c,"{""A"":""x^3+y+y^2"",""B"":""y^3+x+x^2"",""basis"":""CX"",""basis_filter_applied"":""Z"",""circuit"":""bicycle_bivariate_144_12_12_memory_Z"",""distance"":""12"",""error_rate"":""0.003"",""noise_model"":""uniform_circuit"",""p"":0.003,""rounds"":""12"",""stim_path"":""/hpc/group/pfisterlab/mg551/storage/relay/relay/tests/testdata/bicycle_bivariate/circuit=bicycle_bivariate_144_12_12_memory_Z,distance=12,rounds=12,error_rate=0.003,noise_model=uniform_circuit,basis=CX,A=x^3+y+y^2,B=y^3+x+x^2.stim""}",
       784,        23,         0,   191.5,relay-bp-paper-c0p400-w2p000,05864d6033898532b566bd1d8d3ac302f5150899b98d432d5c921180c8a6d5d9,"{""A"":""x^3+y+y^2"",""B"":""y^3+x+x^2"",""basis"":""CX"",""basis_filter_applied"":""Z"",""circuit"":""bicycle_bivariate_144_12_12_memory_Z"",""distance"":""12"",""error_rate"":""0.003"",""noise_model"":""uniform_circuit"",""p"":0.003,""rounds"":""12"",""stim_path"":""/hpc/group/pfisterlab/mg551/storage/relay/relay/tests/testdata/bicycle_bivariate/circuit=bicycle_bivariate_144_12_12_memory_Z,distance=12,rounds=12,error_rate=0.003,noise_model=uniform_circuit,basis=CX,A=x^3+y+y^2,B=y^3+x+x^2.stim""}",
       824,        30,         0,   208.1,relay-bp-paper-c0p500-w2p000,f1a3403cfd1c70936fa3beb762cafbecec6959aa88f7d181d71420cfcdbfd9be,"{""A"":""x^3+y+y^2"",""B"":""y^3+x+x^2"",""basis"":""CX"",""basis_filter_applied"":""Z"",""circuit"":""bicycle_bivariate_144_12_12_memory_Z"",""distance"":""12"",""error_rate"":""0.003"",""noise_model"":""uniform_circuit"",""p"":0.003,""rounds"":""12"",""stim_path"":""/hpc/group/pfisterlab/mg551/storage/relay/relay/tests/testdata/bicycle_bivariate/circuit=bicycle_bivariate_144_12_12_memory_Z,distance=12,rounds=12,error_rate=0.003,noise_model=uniform_circuit,basis=CX,A=x^3+y+y^2,B=y^3+x+x^2.stim""}",
      1080,        28,         0,   226.5,relay-bp-paper-c0p600-w2p000,8067013aba93e78ce8debdda08a665f4b7cae81084d00350d026ed54d8815dee,"{""A"":""x^3+y+y^2"",""B"":""y^3+x+x^2"",""basis"":""CX"",""basis_filter_applied"":""Z"",""circuit"":""bicycle_bivariate_144_12_12_memory_Z"",""distance"":""12"",""error_rate"":""0.003"",""noise_model"":""uniform_circuit"",""p"":0.003,""rounds"":""12"",""stim_path"":""/hpc/group/pfisterlab/mg551/storage/relay/relay/tests/testdata/bicycle_bivariate/circuit=bicycle_bivariate_144_12_12_memory_Z,distance=12,rounds=12,error_rate=0.003,noise_model=uniform_circuit,basis=CX,A=x^3+y+y^2,B=y^3+x+x^2.stim""}",
       912,        23,         0,   171.0,relay-bp-paper-c0p700-w2p000,ec64e7cae6c15e753c8ca43f7030d0d973845af0284d4faf5dc0c96cf69844fe,"{""A"":""x^3+y+y^2"",""B"":""y^3+x+x^2"",""basis"":""CX"",""basis_filter_applied"":""Z"",""circuit"":""bicycle_bivariate_144_12_12_memory_Z"",""distance"":""12"",""error_rate"":""0.003"",""noise_model"":""uniform_circuit"",""p"":0.003,""rounds"":""12"",""stim_path"":""/hpc/group/pfisterlab/mg551/storage/relay/relay/tests/testdata/bicycle_bivariate/circuit=bicycle_bivariate_144_12_12_memory_Z,distance=12,rounds=12,error_rate=0.003,noise_model=uniform_circuit,basis=CX,A=x^3+y+y^2,B=y^3+x+x^2.stim""}",
      1168,        28,         0,   218.9,relay-bp-paper-c0p800-w2p000,7834d2288eaf660a89d386a98f74ecfb45806676b962689475425f92384300e2,"{""A"":""x^3+y+y^2"",""B"":""y^3+x+x^2"",""basis"":""CX"",""basis_filter_applied"":""Z"",""circuit"":""bicycle_bivariate_144_12_12_memory_Z"",""distance"":""12"",""error_rate"":""0.003"",""noise_model"":""uniform_circuit"",""p"":0.003,""rounds"":""12"",""stim_path"":""/hpc/group/pfisterlab/mg551/storage/relay/relay/tests/testdata/bicycle_bivariate/circuit=bicycle_bivariate_144_12_12_memory_Z,distance=12,rounds=12,error_rate=0.003,noise_model=uniform_circuit,basis=CX,A=x^3+y+y^2,B=y^3+x+x^2.stim""}",
       744,        20,         0,   132.2,relay-bp-paper-c0p900-w2p000,799243547b456b4be93f1279c5d4c35f6ab8b4d7f159ffc0c19140e7dc6f3754,"{""A"":""x^3+y+y^2"",""B"":""y^3+x+x^2"",""basis"":""CX"",""basis_filter_applied"":""Z"",""circuit"":""bicycle_bivariate_144_12_12_memory_Z"",""distance"":""12"",""error_rate"":""0.003"",""noise_model"":""uniform_circuit"",""p"":0.003,""rounds"":""12"",""stim_path"":""/hpc/group/pfisterlab/mg551/storage/relay/relay/tests/testdata/bicycle_bivariate/circuit=bicycle_bivariate_144_12_12_memory_Z,distance=12,rounds=12,error_rate=0.003,noise_model=uniform_circuit,basis=CX,A=x^3+y+y^2,B=y^3+x+x^2.stim""}",
      1120,        12,         0,    16.9,relay-bp-paper-c1p000-w2p000,2510a73db373a3a49edb8147eab3f06c5d5d46424695853f622704d8a21f0866,"{""A"":""x^3+y+y^2"",""B"":""y^3+x+x^2"",""basis"":""CX"",""basis_filter_applied"":""Z"",""circuit"":""bicycle_bivariate_144_12_12_memory_Z"",""distance"":""12"",""error_rate"":""0.003"",""noise_model"":""uniform_circuit"",""p"":0.003,""rounds"":""12"",""stim_path"":""/hpc/group/pfisterlab/mg551/storage/relay/relay/tests/testdata/bicycle_bivariate/circuit=bicycle_bivariate_144_12_12_memory_Z,distance=12,rounds=12,error_rate=0.003,noise_model=uniform_circuit,basis=CX,A=x^3+y+y^2,B=y^3+x+x^2.stim""}",
