decoder,point_id,width_idx,center_idx,center,width,interval_low,interval_high,relay_seed,circuit,memory,p,basis_filter_applied,shots,logical_error_count,seconds,logical_error_rate,logical_success_rate,stderr,relative_error,hit_target,shot_cap_reached
relay-bp-paper-c0p000-w0p000,0,0,0,0.0,0.0,0.0,0.0,0,bicycle_bivariate_144_12_12_memory_Z,Z,0.003,Z,912,26,190.845,0.02850877192982456,0.9714912280701754,0.00551075720877997,0.19330040670797433,True,False
relay-bp-paper-c0p100-w0p000,1,0,1,0.1,0.0,0.1,0.1,1000003,bicycle_bivariate_144_12_12_memory_Z,Z,0.003,Z,1956,17,141.414,0.008691206543967281,0.9913087934560327,0.0020987470057780818,0.2414793613707016,True,False
relay-bp-paper-c0p200-w0p000,2,0,2,0.2,0.0,0.2,0.2,2000006,bicycle_bivariate_144_12_12_memory_Z,Z,0.003,Z,3024,22,139.002,0.007275132275132275,0.9927248677248677,0.001545411017646384,0.21242376897103024,True,False
relay-bp-paper-c0p300-w0p000,3,0,3,0.30000000000000004,0.0,0.30000000000000004,0.30000000000000004,3000009,bicycle_bivariate_144_12_12_memory_Z,Z,0.003,Z,520,12,53.951,0.023076923076923078,0.9769230769230769,0.00658441906470595,0.2853248261372578,True,False
relay-bp-paper-c0p400-w0p000,4,0,4,0.4,0.0,0.4,0.4,4000012,bicycle_bivariate_144_12_12_memory_Z,Z,0.003,Z,633,15,69.41,0.023696682464454975,0.976303317535545,0.00604552890610538,0.255121319837647,True,False
relay-bp-paper-c0p500-w0p000,5,0,5,0.5,0.0,0.5,0.5,5000015,bicycle_bivariate_144_12_12_memory_Z,Z,0.003,Z,616,12,60.32,0.01948051948051948,0.9805194805194806,0.0055684974367768685,0.28584953508787925,True,False
relay-bp-paper-c0p600-w0p000,6,0,6,0.6000000000000001,0.0,0.6000000000000001,0.6000000000000001,6000018,bicycle_bivariate_144_12_12_memory_Z,Z,0.003,Z,456,10,53.369,0.021929824561403508,0.9780701754385965,0.0068583582244825915,0.3127411350364062,True,False
relay-bp-paper-c0p700-w0p000,7,0,7,0.7000000000000001,0.0,0.7000000000000001,0.7000000000000001,7000021,bicycle_bivariate_144_12_12_memory_Z,Z,0.003,Z,776,15,81.438,0.019329896907216496,0.9806701030927835,0.004942485183033039,0.2556912334689092,True,False
relay-bp-paper-c0p800-w0p000,8,0,8,0.8,0.0,0.8,0.8,8000024,bicycle_bivariate_144_12_12_memory_Z,Z,0.003,Z,840,13,68.173,0.015476190476190477,0.9845238095238096,0.004258979030982821,0.27519556815581303,True,False
relay-bp-paper-c0p900-w0p000,9,0,9,0.9,0.0,0.9,0.9,9000027,bicycle_bivariate_144_12_12_memory_Z,Z,0.003,Z,1000,8,54.119,0.008,0.992,0.0028170906978654416,0.3521363372331802,True,False
relay-bp-paper-c1p000-w0p000,10,0,10,1.0,0.0,1.0,1.0,10000030,bicycle_bivariate_144_12_12_memory_Z,Z,0.003,Z,552,11,63.92999999999999,0.019927536231884056,0.980072463768116,0.005948210900731846,0.29849203792763446,True,False
relay-bp-paper-c0p000-w0p200,11,1,0,0.0,0.2,-0.1,0.1,11000033,bicycle_bivariate_144_12_12_memory_Z,Z,0.003,Z,1674,17,179.239,0.01015531660692951,0.9898446833930705,0.0024504877420952788,0.24130096942749982,True,False
relay-bp-paper-c0p100-w0p200,12,1,1,0.1,0.2,0.0,0.2,12000036,bicycle_bivariate_144_12_12_memory_Z,Z,0.003,Z,2032,18,150.818,0.008858267716535433,0.9911417322834646,0.002078645503857618,0.2346559813243711,True,False
relay-bp-paper-c0p200-w0p200,13,1,2,0.2,0.2,0.1,0.30000000000000004,13000039,bicycle_bivariate_144_12_12_memory_Z,Z,0.003,Z,1576,25,147.893,0.015862944162436547,0.9841370558375635,0.0031473249423076832,0.19840736436307638,True,False
relay-bp-paper-c0p300-w0p200,14,1,3,0.30000000000000004,0.2,0.20000000000000004,0.4,14000042,bicycle_bivariate_144_12_12_memory_Z,Z,0.003,Z,1576,21,124.00099999999998,0.0133248730964467,0.9866751269035533,0.0028882881891063783,0.21675915171579296,True,False
relay-bp-paper-c0p400-w0p200,15,1,4,0.4,0.2,0.30000000000000004,0.5,15000045,bicycle_bivariate_144_12_12_memory_Z,Z,0.003,Z,1732,19,109.365,0.010969976905311778,0.9890300230946882,0.0025028432460089834,0.22815392116250313,True,False
relay-bp-paper-c0p500-w0p200,16,1,5,0.5,0.2,0.4,0.6,16000048,bicycle_bivariate_144_12_12_memory_Z,Z,0.003,Z,1376,21,121.96800000000002,0.015261627906976744,0.9847383720930233,0.0033048491746675334,0.2165463078258346,True,False
relay-bp-paper-c0p600-w0p200,17,1,6,0.6000000000000001,0.2,0.5000000000000001,0.7000000000000001,17000051,bicycle_bivariate_144_12_12_memory_Z,Z,0.003,Z,1520,29,158.97199999999998,0.019078947368421053,0.9809210526315789,0.0035089116936037673,0.18391537152681814,True,False
relay-bp-paper-c0p700-w0p200,18,1,7,0.7000000000000001,0.2,0.6000000000000001,0.8,18000054,bicycle_bivariate_144_12_12_memory_Z,Z,0.003,Z,1296,29,164.185,0.022376543209876542,0.9776234567901234,0.004108467010432547,0.18360597398346834,True,False
relay-bp-paper-c0p800-w0p200,19,1,8,0.8,0.2,0.7000000000000001,0.9,19000057,bicycle_bivariate_144_12_12_memory_Z,Z,0.003,Z,1648,26,143.131,0.015776699029126214,0.9842233009708737,0.003069561138114918,0.19456295213897634,True,False
relay-bp-paper-c0p900-w0p200,20,1,9,0.9,0.2,0.8,1.0,20000060,bicycle_bivariate_144_12_12_memory_Z,Z,0.003,Z,1680,24,136.39600000000002,0.014285714285714285,0.9857142857142858,0.002895155297777777,0.20266087084444442,True,False
relay-bp-paper-c1p000-w0p200,21,1,10,1.0,0.2,0.9,1.1,21000063,bicycle_bivariate_144_12_12_memory_Z,Z,0.003,Z,1104,22,129.56199999999998,0.019927536231884056,0.980072463768116,0.00420602026383523,0.21106574414882248,True,False
relay-bp-paper-c0p000-w0p400,22,2,0,0.0,0.4,-0.2,0.2,22000066,bicycle_bivariate_144_12_12_memory_Z,Z,0.003,Z,2652,11,175.053,0.004147812971342383,0.9958521870286576,0.0012480163172374512,0.3008853884830655,True,False
relay-bp-paper-c0p100-w0p400,23,2,1,0.1,0.4,-0.1,0.30000000000000004,23000069,bicycle_bivariate_144_12_12_memory_Z,Z,0.003,Z,1370,3,28.287000000000003,0.0021897810218978104,0.9978102189781022,0.0012628856658820986,0.5767177874194916,True,False
relay-bp-paper-c0p200-w0p400,24,2,2,0.2,0.4,0.0,0.4,24000072,bicycle_bivariate_144_12_12_memory_Z,Z,0.003,Z,2192,21,161.71,0.00958029197080292,0.9904197080291971,0.002080552764729482,0.21717007906128685,True,False
relay-bp-paper-c0p300-w0p400,25,2,3,0.30000000000000004,0.4,0.10000000000000003,0.5,25000075,bicycle_bivariate_144_12_12_memory_Z,Z,0.003,Z,1360,24,134.083,0.01764705882352941,0.9823529411764705,0.003570265286980489,0.20231503292889438,True,False
relay-bp-paper-c0p400-w0p400,26,2,4,0.4,0.4,0.2,0.6000000000000001,26000078,bicycle_bivariate_144_12_12_memory_Z,Z,0.003,Z,1488,20,117.24400000000001,0.013440860215053764,0.9865591397849462,0.0029852013462709098,0.2220989801625557,True,False
relay-bp-paper-c0p500-w0p400,27,2,5,0.5,0.4,0.3,0.7,27000081,bicycle_bivariate_144_12_12_memory_Z,Z,0.003,Z,1000,16,82.614,0.016,0.984,0.003967870965643918,0.24799193535274489,True,False
relay-bp-paper-c0p600-w0p400,28,2,6,0.6000000000000001,0.4,0.4000000000000001,0.8,28000084,bicycle_bivariate_144_12_12_memory_Z,Z,0.003,Z,1584,20,120.27499999999999,0.012626262626262626,0.9873737373737373,0.0028054375545891294,0.22219065432345905,True,False
relay-bp-paper-c0p700-w0p400,29,2,7,0.7000000000000001,0.4,0.5,0.9000000000000001,29000087,bicycle_bivariate_144_12_12_memory_Z,Z,0.003,Z,848,16,77.508,0.018867924528301886,0.9811320754716981,0.004672269401355175,0.2476302782718243,True,False
relay-bp-paper-c0p800-w0p400,30,2,8,0.8,0.4,0.6000000000000001,1.0,30000090,bicycle_bivariate_144_12_12_memory_Z,Z,0.003,Z,1072,24,140.189,0.022388059701492536,0.9776119402985075,0.004518497893433358,0.20182623924002335,True,False
relay-bp-paper-c0p900-w0p400,31,2,9,0.9,0.4,0.7,1.1,31000093,bicycle_bivariate_144_12_12_memory_Z,Z,0.003,Z,1344,21,121.68199999999999,0.015625,0.984375,0.0033829117335329633,0.21650635094610965,True,False
relay-bp-paper-c1p000-w0p400,32,2,10,1.0,0.4,0.8,1.2,32000096,bicycle_bivariate_144_12_12_memory_Z,Z,0.003,Z,1360,20,115.861,0.014705882352941176,0.9852941176470589,0.003264066772443928,0.22195654052618713,True,False
relay-bp-paper-c0p000-w0p600,33,3,0,0.0,0.6000000000000001,-0.30000000000000004,0.30000000000000004,33000099,bicycle_bivariate_144_12_12_memory_Z,Z,0.003,Z,2029,12,173.11599999999999,0.005914243469689502,0.9940857565303105,0.001702238863463419,0.2878202211639398,True,False
relay-bp-paper-c0p100-w0p600,34,3,1,0.1,0.6000000000000001,-0.20000000000000004,0.4,34000102,bicycle_bivariate_144_12_12_memory_Z,Z,0.003,Z,2152,2,38.288000000000004,0.0009293680297397769,0.9990706319702602,0.0006568569921838365,0.7067781235898082,True,False
relay-bp-paper-c0p200-w0p600,35,3,2,0.2,0.6000000000000001,-0.10000000000000003,0.5,35000105,bicycle_bivariate_144_12_12_memory_Z,Z,0.003,Z,9944,4,162.17700000000002,0.00040225261464199515,0.999597747385358,0.0002010858514607229,0.4998994267313572,True,False
relay-bp-paper-c0p300-w0p600,36,3,3,0.30000000000000004,0.6000000000000001,0.0,0.6000000000000001,36000108,bicycle_bivariate_144_12_12_memory_Z,Z,0.003,Z,1352,22,162.491,0.016272189349112426,0.9837278106508875,0.003440900572191298,0.2114589806183016,True,False
relay-bp-paper-c0p400-w0p600,37,3,4,0.4,0.6000000000000001,0.09999999999999998,0.7000000000000001,37000111,bicycle_bivariate_144_12_12_memory_Z,Z,0.003,Z,1160,22,134.212,0.01896551724137931,0.9810344827586207,0.004004935144890771,0.2111693076396952,True,False
relay-bp-paper-c0p500-w0p600,38,3,5,0.5,0.6000000000000001,0.19999999999999996,0.8,38000114,bicycle_bivariate_144_12_12_memory_Z,Z,0.003,Z,2048,25,140.941,0.01220703125,0.98779296875,0.0024264593343794635,0.19877554867236566,True,False
relay-bp-paper-c0p600-w0p600,39,3,6,0.6000000000000001,0.6000000000000001,0.30000000000000004,0.9000000000000001,39000117,bicycle_bivariate_144_12_12_memory_Z,Z,0.003,Z,1552,18,114.93499999999997,0.011597938144329897,0.9884020618556701,0.0027177615930686684,0.2343314440245874,True,False
relay-bp-paper-c0p700-w0p600,40,3,7,0.7000000000000001,0.6000000000000001,0.4,1.0,40000120,bicycle_bivariate_144_12_12_memory_Z,Z,0.003,Z,1624,23,125.36500000000001,0.01416256157635468,0.9858374384236454,0.002932111941024536,0.20703259966190635,True,False
relay-bp-paper-c0p800-w0p600,41,3,8,0.8,0.6000000000000001,0.5,1.1,41000123,bicycle_bivariate_144_12_12_memory_Z,Z,0.003,Z,669,11,47.007000000000005,0.016442451420029897,0.9835575485799701,0.004916659275613991,0.2990222777623418,True,False
relay-bp-paper-c0p900-w0p600,42,3,9,0.9,0.6000000000000001,0.6,1.2000000000000002,42000126,bicycle_bivariate_144_12_12_memory_Z,Z,0.003,Z,1432,21,126.365,0.014664804469273743,0.9853351955307262,0.0031765714427181607,0.21661191933201934,True,False
relay-bp-paper-c1p000-w0p600,43,3,10,1.0,0.6000000000000001,0.7,1.3,43000129,bicycle_bivariate_144_12_12_memory_Z,Z,0.003,Z,1184,27,150.22799999999998,0.022804054054054054,0.9771959459459459,0.004338314256147904,0.19024311404737476,True,False
relay-bp-paper-c0p000-w0p800,44,4,0,0.0,0.8,-0.4,0.4,44000132,bicycle_bivariate_144_12_12_memory_Z,Z,0.003,Z,1149,12,187.922,0.010443864229765013,0.9895561357702349,0.0029990990712363487,0.28716373607088036,True,False
relay-bp-paper-c0p100-w0p800,45,4,1,0.1,0.8,-0.30000000000000004,0.5,45000135,bicycle_bivariate_144_12_12_memory_Z,Z,0.003,Z,4449,9,137.68600000000004,0.0020229265003371545,0.9979770734996628,0.0006736264495636078,0.3329960082342768,True,False
relay-bp-paper-c0p200-w0p800,46,4,2,0.2,0.8,-0.2,0.6000000000000001,46000138,bicycle_bivariate_144_12_12_memory_Z,Z,0.003,Z,920,3,8.769000000000002,0.003260869565217391,0.9967391304347826,0.001879591854081749,0.5764081685850697,True,False
relay-bp-paper-c0p300-w0p800,47,4,3,0.30000000000000004,0.8,-0.09999999999999998,0.7000000000000001,47000141,bicycle_bivariate_144_12_12_memory_Z,Z,0.003,Z,1456,1,15.678000000000003,0.0006868131868131869,0.9993131868131868,0.0006865772901252005,0.9996565344222919,True,False
relay-bp-paper-c0p400-w0p800,48,4,4,0.4,0.8,0.0,0.8,48000144,bicycle_bivariate_144_12_12_memory_Z,Z,0.003,Z,1008,19,113.42300000000002,0.018849206349206348,0.9811507936507936,0.00428335577273298,0.2272432957323602,True,False
relay-bp-paper-c0p500-w0p800,49,4,5,0.5,0.8,0.09999999999999998,0.9,49000147,bicycle_bivariate_144_12_12_memory_Z,Z,0.003,Z,1216,20,124.317,0.01644736842105263,0.9835526315789473,0.0036473733894860894,0.22176030208075426,True,False
relay-bp-paper-c0p600-w0p800,50,4,6,0.6000000000000001,0.8,0.20000000000000007,1.0,50000150,bicycle_bivariate_144_12_12_memory_Z,Z,0.003,Z,1600,21,133.556,0.013125,0.986875,0.0028452520071823163,0.21678110530912886,True,False
relay-bp-paper-c0p700-w0p800,51,4,7,0.7000000000000001,0.8,0.30000000000000004,1.1,51000153,bicycle_bivariate_144_12_12_memory_Z,Z,0.003,Z,704,15,55.686,0.02130681818181818,0.9786931818181818,0.005442472606205478,0.2554333809845771,True,False
relay-bp-paper-c0p800-w0p800,52,4,8,0.8,0.8,0.4,1.2000000000000002,52000156,bicycle_bivariate_144_12_12_memory_Z,Z,0.003,Z,1456,19,113.123,0.01304945054945055,0.9869505494505495,0.0029741517386355,0.22791394376069934,True,False
relay-bp-paper-c0p900-w0p800,53,4,9,0.9,0.8,0.5,1.3,53000159,bicycle_bivariate_144_12_12_memory_Z,Z,0.003,Z,1464,22,126.14500000000001,0.015027322404371584,0.9849726775956285,0.0031796722416030463,0.2115927346230391,True,False
relay-bp-paper-c1p000-w0p800,54,4,10,1.0,0.8,0.6,1.4,54000162,bicycle_bivariate_144_12_12_memory_Z,Z,0.003,Z,1680,24,126.51399999999998,0.014285714285714285,0.9857142857142858,0.002895155297777777,0.20266087084444442,True,False
relay-bp-paper-c0p000-w1p000,55,5,0,0.0,1.0,-0.5,0.5,55000165,bicycle_bivariate_144_12_12_memory_Z,Z,0.003,Z,1056,23,181.373,0.021780303030303032,0.978219696969697,0.004491777149461812,0.2062311595578988,True,False
relay-bp-paper-c0p100-w1p000,56,5,1,0.1,1.0,-0.4,0.6,56000168,bicycle_bivariate_144_12_12_memory_Z,Z,0.003,Z,2857,10,149.379,0.0035001750087504373,0.9964998249912496,0.0011049137369038339,0.31567385463342534,True,False
relay-bp-paper-c0p200-w1p000,57,5,2,0.2,1.0,-0.3,0.7,57000171,bicycle_bivariate_144_12_12_memory_Z,Z,0.003,Z,6736,2,85.81399999999996,0.0002969121140142518,0.9997030878859857,0.00020991739878525488,0.7070017991087384,True,False
relay-bp-paper-c0p300-w1p000,58,5,3,0.30000000000000004,1.0,-0.19999999999999996,0.8,58000174,bicycle_bivariate_144_12_12_memory_Z,Z,0.003,Z,2808,3,34.92100000000001,0.0010683760683760685,0.9989316239316239,0.0006164976209025933,0.5770417731648272,True,False
relay-bp-paper-c0p400-w1p000,59,5,4,0.4,1.0,-0.09999999999999998,0.9,59000177,bicycle_bivariate_144_12_12_memory_Z,Z,0.003,Z,912,2,9.707,0.0021929824561403508,0.9978070175438597,0.0015489715334696616,0.7063310192621657,True,False
relay-bp-paper-c0p500-w1p000,60,5,5,0.5,1.0,0.0,1.0,60000180,bicycle_bivariate_144_12_12_memory_Z,Z,0.003,Z,1448,23,134.78000000000003,0.015883977900552487,0.9841160220994475,0.0032856288812717414,0.20685176609049918,True,False
relay-bp-paper-c0p600-w1p000,61,5,6,0.6000000000000001,1.0,0.10000000000000009,1.1,61000183,bicycle_bivariate_144_12_12_memory_Z,Z,0.003,Z,1696,26,141.76899999999998,0.015330188679245283,0.9846698113207547,0.0029833632639298304,0.19460708060096124,True,False
relay-bp-paper-c0p700-w1p000,62,5,7,0.7000000000000001,1.0,0.20000000000000007,1.2000000000000002,62000186,bicycle_bivariate_144_12_12_memory_Z,Z,0.003,Z,1312,19,111.29199999999999,0.014481707317073171,0.9855182926829268,0.0032981872642980563,0.22774851003994998,True,False
relay-bp-paper-c0p800-w1p000,63,5,8,0.8,1.0,0.30000000000000004,1.3,63000189,bicycle_bivariate_144_12_12_memory_Z,Z,0.003,Z,1424,22,124.47900000000001,0.01544943820224719,0.9845505617977528,0.0032682883303942734,0.21154739011279297,True,False
relay-bp-paper-c0p900-w1p000,64,5,9,0.9,1.0,0.4,1.4,64000192,bicycle_bivariate_144_12_12_memory_Z,Z,0.003,Z,1224,22,123.73,0.017973856209150325,0.9820261437908496,0.003797444606699386,0.21127600902727495,True,False
relay-bp-paper-c1p000-w1p000,65,5,10,1.0,1.0,0.5,1.5,65000195,bicycle_bivariate_144_12_12_memory_Z,Z,0.003,Z,1472,30,160.69399999999996,0.020380434782608696,0.9796195652173914,0.003682828900410858,0.18070413804682608,True,False
relay-bp-paper-c0p000-w1p200,66,6,0,0.0,1.2000000000000002,-0.6000000000000001,0.6000000000000001,66000198,bicycle_bivariate_144_12_12_memory_Z,Z,0.003,Z,1200,34,290.16100000000006,0.028333333333333332,0.9716666666666667,0.004789794320180109,0.1690515642416509,True,False
relay-bp-paper-c0p100-w1p200,67,6,1,0.1,1.2000000000000002,-0.5000000000000001,0.7000000000000001,67000201,bicycle_bivariate_144_12_12_memory_Z,Z,0.003,Z,1129,15,187.92800000000003,0.013286093888396812,0.9867139061116031,0.0034075898193529604,0.25647792706996614,True,False
relay-bp-paper-c0p200-w1p200,68,6,2,0.2,1.2000000000000002,-0.4000000000000001,0.8,68000204,bicycle_bivariate_144_12_12_memory_Z,Z,0.003,Z,3032,3,80.286,0.0009894459102902375,0.9990105540897097,0.0005709741788290094,0.5770645700698521,True,False
relay-bp-paper-c0p300-w1p200,69,6,3,0.30000000000000004,1.2000000000000002,-0.30000000000000004,0.9000000000000001,69000207,bicycle_bivariate_144_12_12_memory_Z,Z,0.003,Z,1008,1,9.433,0.000992063492063492,0.9990079365079365,0.000991571274969405,0.9995038451691602,True,False
relay-bp-paper-c0p400-w1p200,70,6,4,0.4,1.2000000000000002,-0.20000000000000007,1.0,70000210,bicycle_bivariate_144_12_12_memory_Z,Z,0.003,Z,1888,3,23.677000000000003,0.0015889830508474577,0.9984110169491526,0.00091667063601491,0.57689138693205,True,False
relay-bp-paper-c0p500-w1p200,71,6,5,0.5,1.2000000000000002,-0.10000000000000009,1.1,71000213,bicycle_bivariate_144_12_12_memory_Z,Z,0.003,Z,1512,8,27.597,0.005291005291005291,0.9947089947089947,0.001865697479761742,0.35261682367496927,True,False
relay-bp-paper-c0p600-w1p200,72,6,6,0.6000000000000001,1.2000000000000002,0.0,1.2000000000000002,72000216,bicycle_bivariate_144_12_12_memory_Z,Z,0.003,Z,1520,26,137.135,0.017105263157894738,0.9828947368421053,0.0033258035366812116,0.1944315913752093,True,False
relay-bp-paper-c0p700-w1p200,73,6,7,0.7000000000000001,1.2000000000000002,0.09999999999999998,1.3000000000000003,73000219,bicycle_bivariate_144_12_12_memory_Z,Z,0.003,Z,1728,17,99.891,0.009837962962962963,0.9901620370370371,0.002374290518748776,0.241339648023405,True,False
relay-bp-paper-c0p800-w1p200,74,6,8,0.8,1.2000000000000002,0.19999999999999996,1.4000000000000001,74000222,bicycle_bivariate_144_12_12_memory_Z,Z,0.003,Z,1424,19,96.51700000000002,0.013342696629213483,0.9866573033707865,0.0030405348014987724,0.22788008196496062,True,False
relay-bp-paper-c0p900-w1p200,75,6,9,0.9,1.2000000000000002,0.29999999999999993,1.5,75000225,bicycle_bivariate_144_12_12_memory_Z,Z,0.003,Z,1440,22,107.44699999999999,0.015277777777777777,0.9847222222222223,0.0032322557572879752,0.21156583138612203,True,False
relay-bp-paper-c1p000-w1p200,76,6,10,1.0,1.2000000000000002,0.3999999999999999,1.6,76000228,bicycle_bivariate_144_12_12_memory_Z,Z,0.003,Z,1712,21,123.82000000000001,0.012266355140186916,0.9877336448598131,0.0026602705741894384,0.21687539157201516,True,False
relay-bp-paper-c0p000-w1p400,77,7,0,0.0,1.4000000000000001,-0.7000000000000001,0.7000000000000001,77000231,bicycle_bivariate_144_12_12_memory_Z,Z,0.003,Z,1064,35,278.752,0.03289473684210526,0.9671052631578947,0.005468009590496453,0.16622749155109218,True,False
relay-bp-paper-c0p100-w1p400,78,7,1,0.1,1.4000000000000001,-0.6000000000000001,0.8,78000234,bicycle_bivariate_144_12_12_memory_Z,Z,0.003,Z,1152,41,301.26,0.035590277777777776,0.9644097222222222,0.00545846134594468,0.15336945050068956,True,False
relay-bp-paper-c0p200-w1p400,79,7,2,0.2,1.4000000000000001,-0.5,0.9000000000000001,79000237,bicycle_bivariate_144_12_12_memory_Z,Z,0.003,Z,2016,9,150.38299999999998,0.004464285714285714,0.9955357142857143,0.0014847698814518487,0.33258845344521415,True,False
relay-bp-paper-c0p300-w1p400,80,7,3,0.30000000000000004,1.4000000000000001,-0.4,1.0,80000240,bicycle_bivariate_144_12_12_memory_Z,Z,0.003,Z,2936,2,64.313,0.0006811989100817438,0.9993188010899182,0.00048151628063571267,0.7068658999732262,True,False
relay-bp-paper-c0p400-w1p400,81,7,4,0.4,1.4000000000000001,-0.30000000000000004,1.1,81000243,bicycle_bivariate_144_12_12_memory_Z,Z,0.003,Z,1024,5,21.865000000000002,0.0048828125,0.9951171875,0.0021783224090262355,0.44612042936857305,True,False
relay-bp-paper-c0p500-w1p400,82,7,5,0.5,1.4000000000000001,-0.20000000000000007,1.2000000000000002,82000246,bicycle_bivariate_144_12_12_memory_Z,Z,0.003,Z,486,2,8.427000000000001,0.00411522633744856,0.9958847736625515,0.0029039108189693116,0.7056503290095427,True,False
relay-bp-paper-c0p600-w1p400,83,7,6,0.6000000000000001,1.4000000000000001,-0.09999999999999998,1.3000000000000003,83000249,bicycle_bivariate_144_12_12_memory_Z,Z,0.003,Z,137,4,3.2110000000000003,0.029197080291970802,0.9708029197080292,0.014383844037744339,0.4926466582927436,True,False
relay-bp-paper-c0p700-w1p400,84,7,7,0.7000000000000001,1.4000000000000001,0.0,1.4000000000000001,84000252,bicycle_bivariate_144_12_12_memory_Z,Z,0.003,Z,270,6,11.125,0.022222222222222223,0.9777777777777777,0.008970815863992567,0.4036867138796655,True,False
relay-bp-paper-c0p800-w1p400,85,7,8,0.8,1.4000000000000001,0.09999999999999998,1.5,85000255,bicycle_bivariate_144_12_12_memory_Z,Z,0.003,Z,1336,19,93.58,0.014221556886227544,0.9857784431137725,0.0032393658595665374,0.22777856780952074,True,False
relay-bp-paper-c0p900-w1p400,86,7,9,0.9,1.4000000000000001,0.19999999999999996,1.6,86000258,bicycle_bivariate_144_12_12_memory_Z,Z,0.003,Z,1280,18,90.998,0.0140625,0.9859375,0.0032911750007774106,0.23403911116639364,True,False
relay-bp-paper-c1p000-w1p400,87,7,10,1.0,1.4000000000000001,0.29999999999999993,1.7000000000000002,87000261,bicycle_bivariate_144_12_12_memory_Z,Z,0.003,Z,1520,22,138.98200000000003,0.014473684210526316,0.9855263157894737,0.0030633870010750267,0.2116521928015473,True,False
relay-bp-paper-c0p000-w1p600,88,8,0,0.0,1.6,-0.8,0.8,88000264,bicycle_bivariate_144_12_12_memory_Z,Z,0.003,Z,1016,27,222.67899999999997,0.0265748031496063,0.9734251968503937,0.005045909603582447,0.18987570952739874,True,False
relay-bp-paper-c0p100-w1p600,89,8,1,0.1,1.6,-0.7000000000000001,0.9,89000267,bicycle_bivariate_144_12_12_memory_Z,Z,0.003,Z,1048,39,299.60400000000004,0.03721374045801527,0.9627862595419847,0.00584703862370663,0.15712042250370636,True,False
relay-bp-paper-c0p200-w1p600,90,8,2,0.2,1.6,-0.6000000000000001,1.0,90000270,bicycle_bivariate_144_12_12_memory_Z,Z,0.003,Z,976,15,158.528,0.015368852459016393,0.9846311475409836,0.003937609071233198,0.25620709690157345,True,False
relay-bp-paper-c0p300-w1p600,91,8,3,0.30000000000000004,1.6,-0.5,1.1,91000273,bicycle_bivariate_144_12_12_memory_Z,Z,0.003,Z,896,11,90.74300000000001,0.012276785714285714,0.9877232142857143,0.0036787981840582643,0.2996548339014732,True,False
relay-bp-paper-c0p400-w1p600,92,8,4,0.4,1.6,-0.4,1.2000000000000002,92000276,bicycle_bivariate_144_12_12_memory_Z,Z,0.003,Z,976,9,105.613,0.009221311475409836,0.9907786885245902,0.0030595655714073357,0.33179288863261774,True,False
relay-bp-paper-c0p500-w1p600,93,8,5,0.5,1.6,-0.30000000000000004,1.3,93000279,bicycle_bivariate_144_12_12_memory_Z,Z,0.003,Z,1401,21,187.366,0.014989293361884369,0.9850107066381156,0.0032463249354142696,0.2165762492626377,True,False
relay-bp-paper-c0p600-w1p600,94,8,6,0.6000000000000001,1.6,-0.19999999999999996,1.4000000000000001,94000282,bicycle_bivariate_144_12_12_memory_Z,Z,0.003,Z,1385,21,167.46800000000002,0.01516245487364621,0.9848375451263538,0.0032835389506332227,0.2165572117441435,True,False
relay-bp-paper-c0p700-w1p600,95,8,7,0.7000000000000001,1.6,-0.09999999999999998,1.5,95000285,bicycle_bivariate_144_12_12_memory_Z,Z,0.003,Z,1040,14,87.96100000000001,0.013461538461538462,0.9865384615384616,0.0035734498311784124,0.2654562731732535,True,False
relay-bp-paper-c0p800-w1p600,96,8,8,0.8,1.6,0.0,1.6,96000288,bicycle_bivariate_144_12_12_memory_Z,Z,0.003,Z,783,8,19.709999999999997,0.010217113665389528,0.9897828863346104,0.003593794185244597,0.3517426058808149,True,False
relay-bp-paper-c0p900-w1p600,97,8,9,0.9,1.6,0.09999999999999998,1.7000000000000002,97000291,bicycle_bivariate_144_12_12_memory_Z,Z,0.003,Z,2080,26,141.265,0.0125,0.9875,0.002436081934645814,0.1948865547716651,True,False
relay-bp-paper-c1p000-w1p600,98,8,10,1.0,1.6,0.19999999999999996,1.8,98000294,bicycle_bivariate_144_12_12_memory_Z,Z,0.003,Z,884,17,126.89099999999999,0.019230769230769232,0.9807692307692307,0.004619081359762129,0.24019223070763068,True,False
relay-bp-paper-c0p000-w1p800,99,9,0,0.0,1.8,-0.9,0.9,99000297,bicycle_bivariate_144_12_12_memory_Z,Z,0.003,Z,808,29,222.572,0.03589108910891089,0.9641089108910891,0.0065441114441476805,0.18233248437487332,True,False
relay-bp-paper-c0p100-w1p800,100,9,1,0.1,1.8,-0.8,1.0,100000300,bicycle_bivariate_144_12_12_memory_Z,Z,0.003,Z,976,34,273.173,0.03483606557377049,0.9651639344262295,0.005869352369975842,0.168484938620483,True,False
relay-bp-paper-c0p200-w1p800,101,9,2,0.2,1.8,-0.7,1.1,101000303,bicycle_bivariate_144_12_12_memory_Z,Z,0.003,Z,624,24,185.543,0.038461538461538464,0.9615384615384616,0.007698468932936881,0.2001601922563589,True,False
relay-bp-paper-c0p300-w1p800,102,9,3,0.30000000000000004,1.8,-0.6,1.2000000000000002,102000306,bicycle_bivariate_144_12_12_memory_Z,Z,0.003,Z,760,23,186.323,0.030263157894736843,0.9697368421052631,0.006214086202137751,0.20533502233150827,True,False
relay-bp-paper-c0p400-w1p800,103,9,4,0.4,1.8,-0.5,1.3,103000309,bicycle_bivariate_144_12_12_memory_Z,Z,0.003,Z,680,23,218.475,0.033823529411764704,0.9661764705882353,0.006932393936514558,0.20495773377521304,True,False
relay-bp-paper-c0p500-w1p800,104,9,5,0.5,1.8,-0.4,1.4,104000312,bicycle_bivariate_144_12_12_memory_Z,Z,0.003,Z,1120,29,215.91899999999998,0.025892857142857145,0.9741071428571428,0.0047455258149723,0.18327547975065434,True,False
relay-bp-paper-c0p600-w1p800,105,9,6,0.6000000000000001,1.8,-0.29999999999999993,1.5,105000315,bicycle_bivariate_144_12_12_memory_Z,Z,0.003,Z,872,21,172.195,0.02408256880733945,0.9759174311926605,0.0051915817849690115,0.21557425316633227,True,False
relay-bp-paper-c0p700-w1p800,106,9,7,0.7000000000000001,1.8,-0.19999999999999996,1.6,106000318,bicycle_bivariate_144_12_12_memory_Z,Z,0.003,Z,592,18,146.531,0.030405405405405407,0.9695945945945946,0.007056829728960768,0.2320912888635986,True,False
relay-bp-paper-c0p800-w1p800,107,9,8,0.8,1.8,-0.09999999999999998,1.7000000000000002,107000321,bicycle_bivariate_144_12_12_memory_Z,Z,0.003,Z,1032,22,196.854,0.02131782945736434,0.9786821705426356,0.00449627102221651,0.2109159861330654,True,False
relay-bp-paper-c0p900-w1p800,108,9,9,0.9,1.8,0.0,1.8,108000324,bicycle_bivariate_144_12_12_memory_Z,Z,0.003,Z,880,9,22.956,0.010227272727272727,0.9897727272727272,0.0033916132558245637,0.3316244072361796,True,False
relay-bp-paper-c1p000-w1p800,109,9,10,1.0,1.8,0.09999999999999998,1.9,109000327,bicycle_bivariate_144_12_12_memory_Z,Z,0.003,Z,1152,13,84.608,0.011284722222222222,0.9887152777777778,0.003112109143602178,0.27578074872536223,True,False
relay-bp-paper-c0p000-w2p000,110,10,0,0.0,2.0,-1.0,1.0,110000330,bicycle_bivariate_144_12_12_memory_Z,Z,0.003,Z,536,18,177.46999999999994,0.033582089552238806,0.9664179104477612,0.0077813320442889486,0.2317107764299376,True,False
relay-bp-paper-c0p100-w2p000,111,10,1,0.1,2.0,-0.9,1.1,111000333,bicycle_bivariate_144_12_12_memory_Z,Z,0.003,Z,904,29,230.40800000000002,0.032079646017699116,0.9679203539823009,0.005860711992095337,0.18269253933979945,True,False
relay-bp-paper-c0p200-w2p000,112,10,2,0.2,2.0,-0.8,1.2,112000336,bicycle_bivariate_144_12_12_memory_Z,Z,0.003,Z,672,23,188.194,0.03422619047619048,0.9657738095238095,0.007013460523479248,0.20491502051208932,True,False
relay-bp-paper-c0p300-w2p000,113,10,3,0.30000000000000004,2.0,-0.7,1.3,113000339,bicycle_bivariate_144_12_12_memory_Z,Z,0.003,Z,784,23,184.108,0.029336734693877552,0.9706632653061225,0.006026735787240668,0.20543308074768188,True,False
relay-bp-paper-c0p400-w2p000,114,10,4,0.4,2.0,-0.6,1.4,114000342,bicycle_bivariate_144_12_12_memory_Z,Z,0.003,Z,784,23,191.484,0.029336734693877552,0.9706632653061225,0.006026735787240668,0.20543308074768188,True,False
relay-bp-paper-c0p500-w2p000,115,10,5,0.5,2.0,-0.5,1.5,115000345,bicycle_bivariate_144_12_12_memory_Z,Z,0.003,Z,824,30,208.08800000000002,0.03640776699029126,0.9635922330097088,0.0065249931641774925,0.1792198122427418,True,False
relay-bp-paper-c0p600-w2p000,116,10,6,0.6000000000000001,2.0,-0.3999999999999999,1.6,116000348,bicycle_bivariate_144_12_12_memory_Z,Z,0.003,Z,1080,28,226.545,0.025925925925925925,0.9740740740740741,0.004835609836565613,0.18651637941038793,True,False
relay-bp-paper-c0p700-w2p000,117,10,7,0.7000000000000001,2.0,-0.29999999999999993,1.7000000000000002,117000351,bicycle_bivariate_144_12_12_memory_Z,Z,0.003,Z,912,23,170.96,0.025219298245614034,0.9747807017543859,0.00519185483469785,0.20586833083671477,True,False
relay-bp-paper-c0p800-w2p000,118,10,8,0.8,2.0,-0.19999999999999996,1.8,118000354,bicycle_bivariate_144_12_12_memory_Z,Z,0.003,Z,1168,28,218.885,0.023972602739726026,0.976027397260274,0.004475763983305481,0.18670329758931437,True,False
relay-bp-paper-c0p900-w2p000,119,10,9,0.9,2.0,-0.09999999999999998,1.9,119000357,bicycle_bivariate_144_12_12_memory_Z,Z,0.003,Z,744,20,132.19099999999997,0.026881720430107527,0.9731182795698925,0.005929592899862368,0.22058085587488008,True,False
relay-bp-paper-c1p000-w2p000,120,10,10,1.0,2.0,0.0,2.0,120000360,bicycle_bivariate_144_12_12_memory_Z,Z,0.003,Z,1120,12,16.918,0.010714285714285714,0.9892857142857143,0.0030763338854758785,0.28712449597774864,True,False
