decoder,point_id,width_idx,center_idx,center,width,interval_low,interval_high,relay_seed,circuit,memory,p,basis_filter_applied,shots,logical_error_count,seconds,logical_error_rate,logical_success_rate,stderr,relative_error,hit_target,shot_cap_reached,raw_interval_low,raw_interval_high,effective_center,effective_width,interval_clipped
relay-bp-paper-damping-c0p000-w0p000,0,0,0,0.0,0.0,0.0,0.0,0,bicycle_bivariate_144_12_12_memory_Z,Z,0.003,Z,16,16,335.79999999999995,1.0,0.0,0.0,0.0,True,False,0.0,0.0,0.0,0.0,False
relay-bp-paper-damping-c0p100-w0p000,1,0,1,0.1,0.0,0.1,0.1,1000003,bicycle_bivariate_144_12_12_memory_Z,Z,0.003,Z,212,24,642.492,0.11320754716981132,0.8867924528301887,0.021761095460252414,0.19222300989889632,True,False,0.1,0.1,0.1,0.0,False
relay-bp-paper-damping-c0p200-w0p000,2,0,2,0.2,0.0,0.2,0.2,2000006,bicycle_bivariate_144_12_12_memory_Z,Z,0.003,Z,448,29,640.6450000000001,0.06473214285714286,0.9352678571428571,0.011624893676382565,0.1795845643799789,True,False,0.2,0.2,0.2,0.0,False
relay-bp-paper-damping-c0p300-w0p000,3,0,3,0.30000000000000004,0.0,0.30000000000000004,0.30000000000000004,3000009,bicycle_bivariate_144_12_12_memory_Z,Z,0.003,Z,248,15,422.90999999999997,0.06048387096774194,0.939516129032258,0.015137218114966784,0.25026867283411747,True,False,0.30000000000000004,0.30000000000000004,0.30000000000000004,0.0,False
relay-bp-paper-damping-c0p400-w0p000,4,0,4,0.4,0.0,0.4,0.4,4000012,bicycle_bivariate_144_12_12_memory_Z,Z,0.003,Z,432,17,414.38,0.03935185185185185,0.9606481481481481,0.009354549745642907,0.23771561706574915,True,False,0.4,0.4,0.4,0.0,False
relay-bp-paper-damping-c0p500-w0p000,5,0,5,0.5,0.0,0.5,0.5,5000015,bicycle_bivariate_144_12_12_memory_Z,Z,0.003,Z,492,21,582.742,0.042682926829268296,0.9573170731707317,0.009113232426380163,0.21351001684662094,True,False,0.5,0.5,0.5,0.0,False
relay-bp-paper-damping-c0p600-w0p000,6,0,6,0.6000000000000001,0.0,0.6000000000000001,0.6000000000000001,6000018,bicycle_bivariate_144_12_12_memory_Z,Z,0.003,Z,704,27,603.3509999999999,0.03835227272727273,0.9616477272727273,0.0072379774830645125,0.18872356103990431,True,False,0.6000000000000001,0.6000000000000001,0.6000000000000001,0.0,False
relay-bp-paper-damping-c0p700-w0p000,7,0,7,0.7000000000000001,0.0,0.7000000000000001,0.7000000000000001,7000021,bicycle_bivariate_144_12_12_memory_Z,Z,0.003,Z,688,22,521.0409999999999,0.03197674418604651,0.9680232558139534,0.00670757901960348,0.209764289340327,True,False,0.7000000000000001,0.7000000000000001,0.7000000000000001,0.0,False
relay-bp-paper-damping-c0p800-w0p000,8,0,8,0.8,0.0,0.8,0.8,8000024,bicycle_bivariate_144_12_12_memory_Z,Z,0.003,Z,488,20,453.257,0.040983606557377046,0.9590163934426229,0.008974457213474812,0.21897675600878544,True,False,0.8,0.8,0.8,0.0,False
relay-bp-paper-damping-c0p900-w0p000,9,0,9,0.9,0.0,0.9,0.9,9000027,bicycle_bivariate_144_12_12_memory_Z,Z,0.003,Z,248,16,490.53200000000004,0.06451612903225806,0.935483870967742,0.015600066962086316,0.2418010379123379,True,False,0.9,0.9,0.9,0.0,False
relay-bp-paper-damping-c1p000-w0p000,10,0,10,1.0,0.0,1.0,1.0,10000030,bicycle_bivariate_144_12_12_memory_Z,Z,0.003,Z,232,27,552.627,0.11637931034482758,0.8836206896551724,0.021053622678328353,0.18090520227304363,True,False,1.0,1.0,1.0,0.0,False
relay-bp-paper-damping-c0p000-w0p200,11,1,0,0.0,0.2,0.0,0.1,11000033,bicycle_bivariate_144_12_12_memory_Z,Z,0.003,Z,130,12,462.57400000000007,0.09230769230769231,0.9076923076923077,0.02538730486021594,0.2750291359856727,True,False,-0.1,0.1,0.05,0.1,True
relay-bp-paper-damping-c0p100-w0p200,12,1,1,0.1,0.2,0.0,0.2,12000036,bicycle_bivariate_144_12_12_memory_Z,Z,0.003,Z,557,8,449.54600000000005,0.01436265709156194,0.9856373429084381,0.005041367681694381,0.35100522483797125,True,False,0.0,0.2,0.1,0.2,False
relay-bp-paper-damping-c0p200-w0p200,13,1,2,0.2,0.2,0.1,0.30000000000000004,13000039,bicycle_bivariate_144_12_12_memory_Z,Z,0.003,Z,1200,17,498.471,0.014166666666666666,0.9858333333333333,0.003411496766110908,0.24081153643135825,True,False,0.1,0.30000000000000004,0.2,0.20000000000000004,False
relay-bp-paper-damping-c0p300-w0p200,14,1,3,0.30000000000000004,0.2,0.20000000000000004,0.4,14000042,bicycle_bivariate_144_12_12_memory_Z,Z,0.003,Z,608,13,468.32800000000003,0.02138157894736842,0.9786184210526315,0.005866442119372173,0.2743689852752524,True,False,0.20000000000000004,0.4,0.30000000000000004,0.19999999999999998,False
relay-bp-paper-damping-c0p400-w0p200,15,1,4,0.4,0.2,0.30000000000000004,0.5,15000045,bicycle_bivariate_144_12_12_memory_Z,Z,0.003,Z,1134,12,437.77,0.010582010582010581,0.9894179894179894,0.0030385575737172325,0.2871436907162785,True,False,0.30000000000000004,0.5,0.4,0.19999999999999996,False
relay-bp-paper-damping-c0p500-w0p200,16,1,5,0.5,0.2,0.4,0.6,16000048,bicycle_bivariate_144_12_12_memory_Z,Z,0.003,Z,1320,15,501.267,0.011363636363636364,0.9886363636363636,0.002917359761661764,0.25672765902623523,True,False,0.4,0.6,0.5,0.19999999999999996,False
relay-bp-paper-damping-c0p600-w0p200,17,1,6,0.6000000000000001,0.2,0.5000000000000001,0.7000000000000001,17000051,bicycle_bivariate_144_12_12_memory_Z,Z,0.003,Z,1020,7,296.34700000000004,0.006862745098039216,0.9931372549019608,0.002584957963734245,0.37666530328699,True,False,0.5000000000000001,0.7000000000000001,0.6000000000000001,0.19999999999999996,False
relay-bp-paper-damping-c0p700-w0p200,18,1,7,0.7000000000000001,0.2,0.6000000000000001,0.8,18000054,bicycle_bivariate_144_12_12_memory_Z,Z,0.003,Z,1773,13,417.91999999999996,0.007332205301748449,0.9926677946982515,0.0020261188016220113,0.27633143348275585,True,False,0.6000000000000001,0.8,0.7000000000000001,0.19999999999999996,False
relay-bp-paper-damping-c0p800-w0p200,19,1,8,0.8,0.2,0.7000000000000001,0.9,19000057,bicycle_bivariate_144_12_12_memory_Z,Z,0.003,Z,1744,18,468.55499999999995,0.010321100917431193,0.9896788990825688,0.002420120148431888,0.23448275215917846,True,False,0.7000000000000001,0.9,0.8,0.19999999999999996,False
relay-bp-paper-damping-c0p900-w0p200,20,1,9,0.9,0.2,0.8,1.0,20000060,bicycle_bivariate_144_12_12_memory_Z,Z,0.003,Z,1479,15,452.03,0.010141987829614604,0.9898580121703854,0.0026053369981418493,0.25688622801678634,True,False,0.8,1.0,0.9,0.19999999999999996,False
relay-bp-paper-damping-c1p000-w0p200,21,1,10,1.0,0.2,0.9,1.0,21000063,bicycle_bivariate_144_12_12_memory_Z,Z,0.003,Z,1272,13,442.46900000000005,0.010220125786163521,0.9897798742138365,0.0028200309466663775,0.27592918185843324,True,False,0.9,1.1,0.95,0.09999999999999998,True
relay-bp-paper-damping-c0p000-w0p400,22,2,0,0.0,0.4,0.0,0.2,22000066,bicycle_bivariate_144_12_12_memory_Z,Z,0.003,Z,362,12,455.402,0.03314917127071823,0.9668508287292817,0.009409396930373525,0.2838501407329347,True,False,-0.2,0.2,0.1,0.2,True
relay-bp-paper-damping-c0p100-w0p400,23,2,1,0.1,0.4,0.0,0.30000000000000004,23000069,bicycle_bivariate_144_12_12_memory_Z,Z,0.003,Z,688,12,484.7289999999999,0.01744186046511628,0.9825581395348837,0.004990928102717926,0.2861465445558277,True,False,-0.1,0.30000000000000004,0.15000000000000002,0.30000000000000004,True
relay-bp-paper-damping-c0p200-w0p400,24,2,2,0.2,0.4,0.0,0.4,24000072,bicycle_bivariate_144_12_12_memory_Z,Z,0.003,Z,420,4,134.013,0.009523809523809525,0.9904761904761905,0.004739174776458279,0.49761335152811925,True,False,0.0,0.4,0.2,0.4,False
relay-bp-paper-damping-c0p300-w0p400,25,2,3,0.30000000000000004,0.4,0.10000000000000003,0.5,25000075,bicycle_bivariate_144_12_12_memory_Z,Z,0.003,Z,1201,11,434.53,0.009159034138218152,0.9908409658617818,0.002748877029344687,0.3001273920220881,True,False,0.10000000000000003,0.5,0.30000000000000004,0.39999999999999997,False
relay-bp-paper-damping-c0p400-w0p400,26,2,4,0.4,0.4,0.2,0.6000000000000001,26000078,bicycle_bivariate_144_12_12_memory_Z,Z,0.003,Z,741,13,423.6460000000001,0.017543859649122806,0.9824561403508771,0.004822919952273593,0.2749064372795948,True,False,0.2,0.6000000000000001,0.4,0.4000000000000001,False
relay-bp-paper-damping-c0p500-w0p400,27,2,5,0.5,0.4,0.3,0.7,27000081,bicycle_bivariate_144_12_12_memory_Z,Z,0.003,Z,1352,12,444.78999999999996,0.008875739644970414,0.9911242603550295,0.0025508092593832378,0.2873911765571781,True,False,0.3,0.7,0.5,0.39999999999999997,False
relay-bp-paper-damping-c0p600-w0p400,28,2,6,0.6000000000000001,0.4,0.4000000000000001,0.8,28000084,bicycle_bivariate_144_12_12_memory_Z,Z,0.003,Z,1484,10,418.066,0.006738544474393531,0.9932614555256065,0.0021237230970550425,0.31516050760296827,True,False,0.4000000000000001,0.8,0.6000000000000001,0.39999999999999997,False
relay-bp-paper-damping-c0p700-w0p400,29,2,7,0.7000000000000001,0.4,0.5,0.9000000000000001,29000087,bicycle_bivariate_144_12_12_memory_Z,Z,0.003,Z,1700,11,468.40700000000004,0.006470588235294118,0.9935294117647059,0.0019446335997217318,0.30053428359335854,True,False,0.5,0.9000000000000001,0.7000000000000001,0.40000000000000013,False
relay-bp-paper-damping-c0p800-w0p400,30,2,8,0.8,0.4,0.6000000000000001,1.0,30000090,bicycle_bivariate_144_12_12_memory_Z,Z,0.003,Z,1777,16,399.01,0.009003939223410242,0.9909960607765897,0.002240828026206825,0.2488719626605955,True,False,0.6000000000000001,1.0,0.8,0.3999999999999999,False
relay-bp-paper-damping-c0p900-w0p400,31,2,9,0.9,0.4,0.7,1.0,31000093,bicycle_bivariate_144_12_12_memory_Z,Z,0.003,Z,1516,10,384.7850000000001,0.006596306068601583,0.9934036939313984,0.0020790440159722946,0.31518307282139985,True,False,0.7,1.1,0.85,0.30000000000000004,True
relay-bp-paper-damping-c1p000-w0p400,32,2,10,1.0,0.4,0.8,1.0,32000096,bicycle_bivariate_144_12_12_memory_Z,Z,0.003,Z,1176,15,395.502,0.012755102040816327,0.9872448979591837,0.0032722822514701113,0.25654692851525673,True,False,0.8,1.2,0.9,0.19999999999999996,True
relay-bp-paper-damping-c0p000-w0p600,33,3,0,0.0,0.6000000000000001,0.0,0.30000000000000004,33000099,bicycle_bivariate_144_12_12_memory_Z,Z,0.003,Z,831,10,415.093,0.012033694344163659,0.9879663056558363,0.00378242253989036,0.3143193130648889,True,False,-0.30000000000000004,0.30000000000000004,0.15000000000000002,0.30000000000000004,True
relay-bp-paper-damping-c0p100-w0p600,34,3,1,0.1,0.6000000000000001,0.0,0.4,34000102,bicycle_bivariate_144_12_12_memory_Z,Z,0.003,Z,919,8,367.4530000000001,0.008705114254624592,0.9912948857453754,0.0030642974155888434,0.3520111656157684,True,False,-0.20000000000000004,0.4,0.2,0.4,True
relay-bp-paper-damping-c0p200-w0p600,35,3,2,0.2,0.6000000000000001,0.0,0.5,35000105,bicycle_bivariate_144_12_12_memory_Z,Z,0.003,Z,1208,9,392.75900000000007,0.0074503311258278145,0.9925496688741722,0.002474175173940564,0.33208929001335574,True,False,-0.10000000000000003,0.5,0.25,0.5,True
relay-bp-paper-damping-c0p300-w0p600,36,3,3,0.30000000000000004,0.6000000000000001,0.0,0.6000000000000001,36000108,bicycle_bivariate_144_12_12_memory_Z,Z,0.003,Z,1712,10,397.918,0.005841121495327103,0.9941588785046729,0.0018417222605301273,0.3153028510027578,True,False,0.0,0.6000000000000001,0.30000000000000004,0.6000000000000001,False
relay-bp-paper-damping-c0p400-w0p600,37,3,4,0.4,0.6000000000000001,0.09999999999999998,0.7000000000000001,37000111,bicycle_bivariate_144_12_12_memory_Z,Z,0.003,Z,2052,13,360.7410000000001,0.006335282651072124,0.9936647173489279,0.001751516586623692,0.27647015659629354,True,False,0.09999999999999998,0.7000000000000001,0.4,0.6000000000000001,False
relay-bp-paper-damping-c0p500-w0p600,38,3,5,0.5,0.6000000000000001,0.19999999999999996,0.8,38000114,bicycle_bivariate_144_12_12_memory_Z,Z,0.003,Z,1404,14,342.2429999999999,0.009971509971509971,0.99002849002849,0.002651677821858979,0.2659254044207148,True,False,0.19999999999999996,0.8,0.5,0.6000000000000001,False
relay-bp-paper-damping-c0p600-w0p600,39,3,6,0.6000000000000001,0.6000000000000001,0.30000000000000004,0.9000000000000001,39000117,bicycle_bivariate_144_12_12_memory_Z,Z,0.003,Z,2077,10,347.317,0.004814636494944632,0.9951853635050554,0.0015188521263084847,0.31546558663427227,True,False,0.30000000000000004,0.9000000000000001,0.6000000000000001,0.6000000000000001,False
relay-bp-paper-damping-c0p700-w0p600,40,3,7,0.7000000000000001,0.6000000000000001,0.4,1.0,40000120,bicycle_bivariate_144_12_12_memory_Z,Z,0.003,Z,2489,9,385.68899999999996,0.0036159100040176776,0.9963840899959823,0.0012031222270218794,0.3327301358952731,True,False,0.4,1.0,0.7,0.6,False
relay-bp-paper-damping-c0p800-w0p600,41,3,8,0.8,0.6000000000000001,0.5,1.0,41000123,bicycle_bivariate_144_12_12_memory_Z,Z,0.003,Z,1892,16,390.731,0.008456659619450317,0.9915433403805497,0.002105206538697968,0.2489406732010347,True,False,0.5,1.1,0.75,0.5,True
relay-bp-paper-damping-c0p900-w0p600,42,3,9,0.9,0.6000000000000001,0.6,1.0,42000126,bicycle_bivariate_144_12_12_memory_Z,Z,0.003,Z,1540,13,393.086,0.008441558441558441,0.9915584415584415,0.0023313641473236436,0.27617698360603166,True,False,0.6,1.2000000000000002,0.8,0.4,True
relay-bp-paper-damping-c1p000-w0p600,43,3,10,1.0,0.6000000000000001,0.7,1.0,43000129,bicycle_bivariate_144_12_12_memory_Z,Z,0.003,Z,1793,11,362.70799999999986,0.006134969325153374,0.9938650306748467,0.0018440800015632548,0.30058504025481053,True,False,0.7,1.3,0.85,0.30000000000000004,True
relay-bp-paper-damping-c0p000-w0p800,44,4,0,0.0,0.8,0.0,0.4,44000132,bicycle_bivariate_144_12_12_memory_Z,Z,0.003,Z,296,2,68.795,0.006756756756756757,0.9932432432432432,0.004761580121450848,0.7047138579747255,True,False,-0.4,0.4,0.2,0.4,True
relay-bp-paper-damping-c0p100-w0p800,45,4,1,0.1,0.8,0.0,0.5,45000135,bicycle_bivariate_144_12_12_memory_Z,Z,0.003,Z,1513,8,409.519,0.005287508261731659,0.9947124917382684,0.0018644676457879885,0.35261744350965335,True,False,-0.30000000000000004,0.5,0.25,0.5,True
relay-bp-paper-damping-c0p200-w0p800,46,4,2,0.2,0.8,0.0,0.6000000000000001,46000138,bicycle_bivariate_144_12_12_memory_Z,Z,0.003,Z,1652,11,425.678,0.006658595641646489,0.9933414043583535,0.0020009469225849394,0.30050584691911997,True,False,-0.2,0.6000000000000001,0.30000000000000004,0.6000000000000001,True
relay-bp-paper-damping-c0p300-w0p800,47,4,3,0.30000000000000004,0.8,0.0,0.7000000000000001,47000141,bicycle_bivariate_144_12_12_memory_Z,Z,0.003,Z,1936,14,448.782,0.007231404958677686,0.9927685950413223,0.0019256736157729694,0.2662931514383192,True,False,-0.09999999999999998,0.7000000000000001,0.35000000000000003,0.7000000000000001,True
relay-bp-paper-damping-c0p400-w0p800,48,4,4,0.4,0.8,0.0,0.8,48000144,bicycle_bivariate_144_12_12_memory_Z,Z,0.003,Z,1860,8,400.25500000000005,0.004301075268817204,0.9956989247311828,0.0015173859845122397,0.35279224139909576,True,False,0.0,0.8,0.4,0.8,False
relay-bp-paper-damping-c0p500-w0p800,49,4,5,0.5,0.8,0.09999999999999998,0.9,49000147,bicycle_bivariate_144_12_12_memory_Z,Z,0.003,Z,1576,12,393.44599999999997,0.007614213197969543,0.9923857868020305,0.0021896498797824623,0.28757401754476336,True,False,0.09999999999999998,0.9,0.5,0.8,False
relay-bp-paper-damping-c0p600-w0p800,50,4,6,0.6000000000000001,0.8,0.20000000000000007,1.0,50000150,bicycle_bivariate_144_12_12_memory_Z,Z,0.003,Z,2140,12,384.85999999999996,0.005607476635514018,0.994392523364486,0.0016141941714166853,0.28786462723597556,True,False,0.20000000000000007,1.0,0.6000000000000001,0.7999999999999999,False
relay-bp-paper-damping-c0p700-w0p800,51,4,7,0.7000000000000001,0.8,0.30000000000000004,1.0,51000153,bicycle_bivariate_144_12_12_memory_Z,Z,0.003,Z,679,6,89.435,0.008836524300441826,0.9911634756995582,0.0035915217090589087,0.4064405400751665,True,False,0.30000000000000004,1.1,0.65,0.7,True
relay-bp-paper-damping-c0p800-w0p800,52,4,8,0.8,0.8,0.4,1.0,52000156,bicycle_bivariate_144_12_12_memory_Z,Z,0.003,Z,1530,11,345.346,0.00718954248366013,0.9928104575163399,0.0021599220759569984,0.3004255251103825,True,False,0.4,1.2000000000000002,0.7,0.6,True
relay-bp-paper-damping-c0p900-w0p800,53,4,9,0.9,0.8,0.5,1.0,53000159,bicycle_bivariate_144_12_12_memory_Z,Z,0.003,Z,1737,13,351.05400000000003,0.007484168105929764,0.9925158318940702,0.0020679525964346275,0.27631028153899595,True,False,0.5,1.3,0.75,0.5,True
relay-bp-paper-damping-c1p000-w0p800,54,4,10,1.0,0.8,0.6,1.0,54000162,bicycle_bivariate_144_12_12_memory_Z,Z,0.003,Z,1744,14,361.113,0.008027522935779817,0.9919724770642202,0.0021368170902346536,0.266186357526374,True,False,0.6,1.4,0.8,0.4,True
relay-bp-paper-damping-c0p000-w1p000,55,5,0,0.0,1.0,0.0,0.5,55000165,bicycle_bivariate_144_12_12_memory_Z,Z,0.003,Z,1447,6,369.8910000000001,0.00414651002073255,0.9958534899792675,0.001689292363878108,0.40740100842193705,True,False,-0.5,0.5,0.25,0.5,True
relay-bp-paper-damping-c0p100-w1p000,56,5,1,0.1,1.0,0.0,0.6,56000168,bicycle_bivariate_144_12_12_memory_Z,Z,0.003,Z,1272,12,407.47900000000004,0.009433962264150943,0.9905660377358491,0.0027104738933501353,0.28731023269511435,True,False,-0.4,0.6,0.3,0.6,True
relay-bp-paper-damping-c0p200-w1p000,57,5,2,0.2,1.0,0.0,0.7,57000171,bicycle_bivariate_144_12_12_memory_Z,Z,0.003,Z,1825,11,416.08900000000017,0.006027397260273973,0.993972602739726,0.0018118434935799072,0.3006013068893937,True,False,-0.3,0.7,0.35,0.7,True
relay-bp-paper-damping-c0p300-w1p000,58,5,3,0.30000000000000004,1.0,0.0,0.8,58000174,bicycle_bivariate_144_12_12_memory_Z,Z,0.003,Z,2313,7,427.205,0.0030263726761781237,0.9969736273238219,0.0011421291667542699,0.377392108957518,True,False,-0.19999999999999996,0.8,0.4,0.8,True
relay-bp-paper-damping-c0p400-w1p000,59,5,4,0.4,1.0,0.0,0.9,59000177,bicycle_bivariate_144_12_12_memory_Z,Z,0.003,Z,2367,10,419.5429999999999,0.004224757076468103,0.9957752429235319,0.0013331603981818904,0.31555906624965346,True,False,-0.09999999999999998,0.9,0.45,0.9,True
relay-bp-paper-damping-c0p500-w1p000,60,5,5,0.5,1.0,0.0,1.0,60000180,bicycle_bivariate_144_12_12_memory_Z,Z,0.003,Z,574,4,88.18299999999999,0.006968641114982578,0.9930313588850174,0.0034721588430466363,0.4982547939771923,True,False,0.0,1.0,0.5,1.0,False
relay-bp-paper-damping-c0p600-w1p000,61,5,6,0.6000000000000001,1.0,0.10000000000000009,1.0,61000183,bicycle_bivariate_144_12_12_memory_Z,Z,0.003,Z,2117,9,351.194,0.004251299008030231,0.9957487009919698,0.0014140842038092032,0.3326240288293426,True,False,0.10000000000000009,1.1,0.55,0.8999999999999999,True
relay-bp-paper-damping-c0p700-w1p000,62,5,7,0.7000000000000001,1.0,0.20000000000000007,1.0,62000186,bicycle_bivariate_144_12_12_memory_Z,Z,0.003,Z,302,2,31.653,0.006622516556291391,0.9933774834437086,0.004667294560280857,0.7047614786024095,True,False,0.20000000000000007,1.2000000000000002,0.6000000000000001,0.7999999999999999,True
relay-bp-paper-damping-c0p800-w1p000,63,5,8,0.8,1.0,0.30000000000000004,1.0,63000189,bicycle_bivariate_144_12_12_memory_Z,Z,0.003,Z,1945,16,409.623,0.008226221079691516,0.9917737789203085,0.002048078962774171,0.24896959891223522,True,False,0.30000000000000004,1.3,0.65,0.7,True
relay-bp-paper-damping-c0p900-w1p000,64,5,9,0.9,1.0,0.4,1.0,64000192,bicycle_bivariate_144_12_12_memory_Z,Z,0.003,Z,1760,14,379.4390000000001,0.007954545454545454,0.9920454545454546,0.0021174693650726183,0.26619614875198633,True,False,0.4,1.4,0.7,0.6,True
relay-bp-paper-damping-c1p000-w1p000,65,5,10,1.0,1.0,0.5,1.0,65000195,bicycle_bivariate_144_12_12_memory_Z,Z,0.003,Z,2136,15,429.3630000000001,0.007022471910112359,0.9929775280898876,0.0018068166802687532,0.25729069527027043,True,False,0.5,1.5,0.75,0.5,True
relay-bp-paper-damping-c0p000-w1p200,66,6,0,0.0,1.2000000000000002,0.0,0.6000000000000001,66000198,bicycle_bivariate_144_12_12_memory_Z,Z,0.003,Z,1347,11,385.749,0.008166295471417966,0.991833704528582,0.0024521564664747317,0.3002777054855876,True,False,-0.6000000000000001,0.6000000000000001,0.30000000000000004,0.6000000000000001,True
relay-bp-paper-damping-c0p100-w1p200,67,6,1,0.1,1.2000000000000002,0.0,0.7000000000000001,67000201,bicycle_bivariate_144_12_12_memory_Z,Z,0.003,Z,1650,9,364.96400000000006,0.005454545454545455,0.9945454545454545,0.0018132163601581872,0.33242299936233427,True,False,-0.5000000000000001,0.7000000000000001,0.35000000000000003,0.7000000000000001,True
relay-bp-paper-damping-c0p200-w1p200,68,6,2,0.2,1.2000000000000002,0.0,0.8,68000204,bicycle_bivariate_144_12_12_memory_Z,Z,0.003,Z,1931,10,363.2149999999999,0.005178663904712584,0.9948213360952874,0.0016333914267610107,0.31540788450755114,True,False,-0.4000000000000001,0.8,0.4,0.8,True
relay-bp-paper-damping-c0p300-w1p200,69,6,3,0.30000000000000004,1.2000000000000002,0.0,0.9000000000000001,69000207,bicycle_bivariate_144_12_12_memory_Z,Z,0.003,Z,1093,10,240.64100000000002,0.009149130832570906,0.9908508691674291,0.002879943617544853,0.3147778373976524,True,False,-0.30000000000000004,0.9000000000000001,0.45000000000000007,0.9000000000000001,True
relay-bp-paper-damping-c0p400-w1p200,70,6,4,0.4,1.2000000000000002,0.0,1.0,70000210,bicycle_bivariate_144_12_12_memory_Z,Z,0.003,Z,1700,15,362.38,0.008823529411764706,0.9911764705882353,0.002268152233256431,0.2570572531023955,True,False,-0.20000000000000007,1.0,0.5,1.0,True
relay-bp-paper-damping-c0p500-w1p200,71,6,5,0.5,1.2000000000000002,0.0,1.0,71000213,bicycle_bivariate_144_12_12_memory_Z,Z,0.003,Z,1880,12,380.74199999999996,0.006382978723404255,0.9936170212765958,0.0018367171665803845,0.2877523560975936,True,False,-0.10000000000000009,1.1,0.5,1.0,True
relay-bp-paper-damping-c0p600-w1p200,72,6,6,0.6000000000000001,1.2000000000000002,0.0,1.0,72000216,bicycle_bivariate_144_12_12_memory_Z,Z,0.003,Z,1236,6,221.84000000000003,0.0048543689320388345,0.9951456310679612,0.0019769718013890464,0.4072561910861436,True,False,0.0,1.2000000000000002,0.5,1.0,True
relay-bp-paper-damping-c0p700-w1p200,73,6,7,0.7000000000000001,1.2000000000000002,0.09999999999999998,1.0,73000219,bicycle_bivariate_144_12_12_memory_Z,Z,0.003,Z,2003,13,400.819,0.006490264603095357,0.9935097353969047,0.001794224532139438,0.2764485952211765,True,False,0.09999999999999998,1.3000000000000003,0.55,0.9,True
relay-bp-paper-damping-c0p800-w1p200,74,6,8,0.8,1.2000000000000002,0.19999999999999996,1.0,74000222,bicycle_bivariate_144_12_12_memory_Z,Z,0.003,Z,1625,13,372.21599999999995,0.008,0.992,0.0022099077599964,0.27623846999955,True,False,0.19999999999999996,1.4000000000000001,0.6,0.8,True
relay-bp-paper-damping-c0p900-w1p200,75,6,9,0.9,1.2000000000000002,0.29999999999999993,1.0,75000225,bicycle_bivariate_144_12_12_memory_Z,Z,0.003,Z,2176,12,383.20700000000005,0.0055147058823529415,0.9944852941176471,0.0015875628029182332,0.28787805492917296,True,False,0.29999999999999993,1.5,0.6499999999999999,0.7000000000000001,True
relay-bp-paper-damping-c1p000-w1p200,76,6,10,1.0,1.2000000000000002,0.3999999999999999,1.0,76000228,bicycle_bivariate_144_12_12_memory_Z,Z,0.003,Z,1272,13,334.359,0.010220125786163521,0.9897798742138365,0.0028200309466663775,0.27592918185843324,True,False,0.3999999999999999,1.6,0.7,0.6000000000000001,True
relay-bp-paper-damping-c0p000-w1p400,77,7,0,0.0,1.4000000000000001,0.0,0.7000000000000001,77000231,bicycle_bivariate_144_12_12_memory_Z,Z,0.003,Z,1644,11,416.0440000000001,0.006690997566909975,0.9933090024330901,0.0020106510969382443,0.30050094576058856,True,False,-0.7000000000000001,0.7000000000000001,0.35000000000000003,0.7000000000000001,True
relay-bp-paper-damping-c0p100-w1p400,78,7,1,0.1,1.4000000000000001,0.0,0.8,78000234,bicycle_bivariate_144_12_12_memory_Z,Z,0.003,Z,1852,7,346.81299999999993,0.003779697624190065,0.9962203023758099,0.0014258890429017454,0.37724950106486177,True,False,-0.6000000000000001,0.8,0.4,0.8,True
relay-bp-paper-damping-c0p200-w1p400,79,7,2,0.2,1.4000000000000001,0.0,0.9000000000000001,79000237,bicycle_bivariate_144_12_12_memory_Z,Z,0.003,Z,2017,9,363.7220000000001,0.004462072384729797,0.9955379276152702,0.001484035403289548,0.33258882315944643,True,False,-0.5,0.9000000000000001,0.45000000000000007,0.9000000000000001,True
relay-bp-paper-damping-c0p300-w1p400,80,7,3,0.30000000000000004,1.4000000000000001,0.0,1.0,80000240,bicycle_bivariate_144_12_12_memory_Z,Z,0.003,Z,1901,8,338.68399999999997,0.004208311415044713,0.9957916885849553,0.0014847287738394388,0.35280867488359663,True,False,-0.4,1.0,0.5,1.0,True
relay-bp-paper-damping-c0p400-w1p400,81,7,4,0.4,1.4000000000000001,0.0,1.0,81000243,bicycle_bivariate_144_12_12_memory_Z,Z,0.003,Z,2601,7,364.44800000000004,0.002691272587466359,0.9973087274125336,0.0010158357145203943,0.3774555276382208,True,False,-0.30000000000000004,1.1,0.5,1.0,True
relay-bp-paper-damping-c0p500-w1p400,82,7,5,0.5,1.4000000000000001,0.0,1.0,82000246,bicycle_bivariate_144_12_12_memory_Z,Z,0.003,Z,2070,8,342.984,0.003864734299516908,0.996135265700483,0.0013637469923293915,0.35286953426523004,True,False,-0.20000000000000007,1.2000000000000002,0.5,1.0,True
relay-bp-paper-damping-c0p600-w1p400,83,7,6,0.6000000000000001,1.4000000000000001,0.0,1.0,83000249,bicycle_bivariate_144_12_12_memory_Z,Z,0.003,Z,2316,9,414.2579999999998,0.0038860103626943004,0.9961139896373057,0.0012928174915899865,0.3326850345024899,True,False,-0.09999999999999998,1.3000000000000003,0.5,1.0,True
relay-bp-paper-damping-c0p700-w1p400,84,7,7,0.7000000000000001,1.4000000000000001,0.0,1.0,84000252,bicycle_bivariate_144_12_12_memory_Z,Z,0.003,Z,2288,11,343.6540000000001,0.004807692307692308,0.9951923076923077,0.001446085021409999,0.30078568445327974,True,False,0.0,1.4000000000000001,0.5,1.0,True
relay-bp-paper-damping-c0p800-w1p400,85,7,8,0.8,1.4000000000000001,0.09999999999999998,1.0,85000255,bicycle_bivariate_144_12_12_memory_Z,Z,0.003,Z,1669,15,365.1579999999999,0.008987417615338526,0.9910125823846615,0.0023100898776082152,0.2570360003818741,True,False,0.09999999999999998,1.5,0.55,0.9,True
relay-bp-paper-damping-c0p900-w1p400,86,7,9,0.9,1.4000000000000001,0.19999999999999996,1.0,86000258,bicycle_bivariate_144_12_12_memory_Z,Z,0.003,Z,1280,17,349.72299999999996,0.01328125,0.98671875,0.003199714147198042,0.2409196534360879,True,False,0.19999999999999996,1.6,0.6,0.8,True
relay-bp-paper-damping-c1p000-w1p400,87,7,10,1.0,1.4000000000000001,0.29999999999999993,1.0,87000261,bicycle_bivariate_144_12_12_memory_Z,Z,0.003,Z,1970,16,388.89,0.008121827411167513,0.9918781725888325,0.0020221945322418397,0.2489827017822765,True,False,0.29999999999999993,1.7000000000000002,0.6499999999999999,0.7000000000000001,True
relay-bp-paper-damping-c0p000-w1p600,88,8,0,0.0,1.6,0.0,0.8,88000264,bicycle_bivariate_144_12_12_memory_Z,Z,0.003,Z,1904,9,336.51900000000006,0.004726890756302521,0.9952731092436975,0.0015719019249962724,0.33254458502143364,True,False,-0.8,0.8,0.4,0.8,True
relay-bp-paper-damping-c0p100-w1p600,89,8,1,0.1,1.6,0.0,0.9,89000267,bicycle_bivariate_144_12_12_memory_Z,Z,0.003,Z,1787,7,363.304,0.00391717963066592,0.996082820369334,0.00147765209002814,0.37722346926861233,True,False,-0.7000000000000001,0.9,0.45,0.9,True
relay-bp-paper-damping-c0p200-w1p600,90,8,2,0.2,1.6,0.0,1.0,90000270,bicycle_bivariate_144_12_12_memory_Z,Z,0.003,Z,1488,11,357.773,0.00739247311827957,0.9926075268817204,0.0022206606319112227,0.30039482002580903,True,False,-0.6000000000000001,1.0,0.5,1.0,True
relay-bp-paper-damping-c0p300-w1p600,91,8,3,0.30000000000000004,1.6,0.0,1.0,91000273,bicycle_bivariate_144_12_12_memory_Z,Z,0.003,Z,2398,11,382.61400000000003,0.0045871559633027525,0.9954128440366973,0.0013799037152397256,0.3008190099222601,True,False,-0.5,1.1,0.5,1.0,True
relay-bp-paper-damping-c0p400-w1p600,92,8,4,0.4,1.6,0.0,1.0,92000276,bicycle_bivariate_144_12_12_memory_Z,Z,0.003,Z,2322,9,392.2199999999999,0.003875968992248062,0.9961240310077519,0.0012894833772141559,0.3326867113212522,True,False,-0.4,1.2000000000000002,0.5,1.0,True
relay-bp-paper-damping-c0p500-w1p600,93,8,5,0.5,1.6,0.0,1.0,93000279,bicycle_bivariate_144_12_12_memory_Z,Z,0.003,Z,1948,14,480.85600000000005,0.007186858316221766,0.9928131416837782,0.0019138540869141803,0.2662991258077731,True,False,-0.30000000000000004,1.3,0.5,1.0,True
relay-bp-paper-damping-c0p600-w1p600,94,8,6,0.6000000000000001,1.6,0.0,1.0,94000282,bicycle_bivariate_144_12_12_memory_Z,Z,0.003,Z,2227,8,420.1910000000001,0.003592276605298608,0.9964077233947014,0.0012677783151439307,0.3529177884781917,True,False,-0.19999999999999996,1.4000000000000001,0.5,1.0,True
relay-bp-paper-damping-c0p700-w1p600,95,8,7,0.7000000000000001,1.6,0.0,1.0,95000285,bicycle_bivariate_144_12_12_memory_Z,Z,0.003,Z,2795,6,443.48400000000004,0.002146690518783542,0.9978533094812164,0.0008754415678252008,0.40780986367857275,True,False,-0.09999999999999998,1.5,0.5,1.0,True
relay-bp-paper-damping-c0p800-w1p600,96,8,8,0.8,1.6,0.0,1.0,96000288,bicycle_bivariate_144_12_12_memory_Z,Z,0.003,Z,1946,12,459.99299999999994,0.006166495375128468,0.9938335046248715,0.0017746168629410785,0.2877837012736116,True,False,0.0,1.6,0.5,1.0,True
relay-bp-paper-damping-c0p900-w1p600,97,8,9,0.9,1.6,0.09999999999999998,1.0,97000291,bicycle_bivariate_144_12_12_memory_Z,Z,0.003,Z,2270,8,400.343,0.003524229074889868,0.9964757709251101,0.0012438056005445808,0.3529298391545248,True,False,0.09999999999999998,1.7000000000000002,0.55,0.9,True
relay-bp-paper-damping-c1p000-w1p600,98,8,10,1.0,1.6,0.19999999999999996,1.0,98000294,bicycle_bivariate_144_12_12_memory_Z,Z,0.003,Z,2028,11,440.90500000000003,0.005424063116370809,0.9945759368836292,0.0016309752312560202,0.3006925244533826,True,False,0.19999999999999996,1.8,0.6,0.8,True
relay-bp-paper-damping-c0p000-w1p800,99,9,0,0.0,1.8,0.0,0.9,99000297,bicycle_bivariate_144_12_12_memory_Z,Z,0.003,Z,2090,8,474.616,0.003827751196172249,0.9961722488038277,0.0013507218550250532,0.35287608462529513,True,False,-0.9,0.9,0.45,0.9,True
relay-bp-paper-damping-c0p100-w1p800,100,9,1,0.1,1.8,0.0,1.0,100000300,bicycle_bivariate_144_12_12_memory_Z,Z,0.003,Z,2233,8,414.503,0.0035826242722794446,0.9964173757277206,0.0012643779591746754,0.3529194978546313,True,False,-0.8,1.0,0.5,1.0,True
relay-bp-paper-damping-c0p200-w1p800,101,9,2,0.2,1.8,0.0,1.0,101000303,bicycle_bivariate_144_12_12_memory_Z,Z,0.003,Z,2521,7,374.044,0.002776675922253074,0.9972233240777469,0.0010480267991742043,0.3774393658168813,True,False,-0.7,1.1,0.5,1.0,True
relay-bp-paper-damping-c0p300-w1p800,102,9,3,0.30000000000000004,1.8,0.0,1.0,102000306,bicycle_bivariate_144_12_12_memory_Z,Z,0.003,Z,2101,10,399.78900000000016,0.00475963826749167,0.9952403617325083,0.0015015435673823806,0.3154743035070382,True,False,-0.6,1.2000000000000002,0.5,1.0,True
relay-bp-paper-damping-c0p400-w1p800,103,9,4,0.4,1.8,0.0,1.0,103000309,bicycle_bivariate_144_12_12_memory_Z,Z,0.003,Z,2610,9,416.6259999999999,0.0034482758620689655,0.996551724137931,0.0011474418082471217,0.3327581243916653,True,False,-0.5,1.3,0.5,1.0,True
relay-bp-paper-damping-c0p500-w1p800,104,9,5,0.5,1.8,0.0,1.0,104000312,bicycle_bivariate_144_12_12_memory_Z,Z,0.003,Z,845,3,165.7,0.0035502958579881655,0.9964497041420118,0.0020461223992114773,0.5763244757778995,True,False,-0.4,1.4,0.5,1.0,True
relay-bp-paper-damping-c0p600-w1p800,105,9,6,0.6000000000000001,1.8,0.0,1.0,105000315,bicycle_bivariate_144_12_12_memory_Z,Z,0.003,Z,2395,10,467.4769999999999,0.0041753653444676405,0.9958246346555324,0.001317607065637829,0.3155668922202601,True,False,-0.29999999999999993,1.5,0.5,1.0,True
relay-bp-paper-damping-c0p700-w1p800,106,9,7,0.7000000000000001,1.8,0.0,1.0,106000318,bicycle_bivariate_144_12_12_memory_Z,Z,0.003,Z,920,5,182.41999999999996,0.005434782608695652,0.9945652173913043,0.0024238950298990725,0.44599668550142935,True,False,-0.19999999999999996,1.6,0.5,1.0,True
relay-bp-paper-damping-c0p800-w1p800,107,9,8,0.8,1.8,0.0,1.0,107000321,bicycle_bivariate_144_12_12_memory_Z,Z,0.003,Z,1345,5,233.24500000000003,0.0037174721189591076,0.9962825278810409,0.0016594110389790123,0.4463815694853543,True,False,-0.09999999999999998,1.7000000000000002,0.5,1.0,True
relay-bp-paper-damping-c0p900-w1p800,108,9,9,0.9,1.8,0.0,1.0,108000324,bicycle_bivariate_144_12_12_memory_Z,Z,0.003,Z,1777,9,443.22500000000014,0.005064715813168261,0.9949352841868317,0.0016839579530605617,0.3324881425098465,True,False,0.0,1.8,0.5,1.0,True
relay-bp-paper-damping-c1p000-w1p800,109,9,10,1.0,1.8,0.09999999999999998,1.0,109000327,bicycle_bivariate_144_12_12_memory_Z,Z,0.003,Z,1593,12,457.10200000000003,0.007532956685499058,0.992467043314501,0.002166371303795649,0.2875857905788724,True,False,0.09999999999999998,1.9,0.55,0.9,True
relay-bp-paper-damping-c0p000-w2p000,110,10,0,0.0,2.0,0.0,1.0,110000330,bicycle_bivariate_144_12_12_memory_Z,Z,0.003,Z,2912,6,468.20099999999985,0.0020604395604395605,0.9979395604395604,0.0008403038903748038,0.4078274881285714,True,False,-1.0,1.0,0.5,1.0,True
relay-bp-paper-damping-c0p100-w2p000,111,10,1,0.1,2.0,0.0,1.0,111000333,bicycle_bivariate_144_12_12_memory_Z,Z,0.003,Z,2251,9,419.62199999999996,0.003998223011994669,0.9960017769880053,0.001330074037671143,0.33266629542197146,True,False,-0.9,1.1,0.5,1.0,True
relay-bp-paper-damping-c0p200-w2p000,112,10,2,0.2,2.0,0.0,1.0,112000336,bicycle_bivariate_144_12_12_memory_Z,Z,0.003,Z,1942,10,405.4289999999999,0.005149330587023687,0.9948506694129763,0.0016241634116077003,0.31541253453421536,True,False,-0.8,1.2,0.5,1.0,True
relay-bp-paper-damping-c0p300-w2p000,113,10,3,0.30000000000000004,2.0,0.0,1.0,113000339,bicycle_bivariate_144_12_12_memory_Z,Z,0.003,Z,1547,10,361.28299999999996,0.006464124111182934,0.9935358758888171,0.002037518042663941,0.3152040412001117,True,False,-0.7,1.3,0.5,1.0,True
relay-bp-paper-damping-c0p400-w2p000,114,10,4,0.4,2.0,0.0,1.0,114000342,bicycle_bivariate_144_12_12_memory_Z,Z,0.003,Z,2831,8,486.14799999999997,0.00282585658777817,0.9971741434122219,0.0009976785350582417,0.3530534915937353,True,False,-0.6,1.4,0.5,1.0,True
relay-bp-paper-damping-c0p500-w2p000,115,10,5,0.5,2.0,0.0,1.0,115000345,bicycle_bivariate_144_12_12_memory_Z,Z,0.003,Z,2770,9,427.03700000000003,0.003249097472924188,0.9967509025270758,0.0010812716204362692,0.3327913765120517,True,False,-0.5,1.5,0.5,1.0,True
relay-bp-paper-damping-c0p600-w2p000,116,10,6,0.6000000000000001,2.0,0.0,1.0,116000348,bicycle_bivariate_144_12_12_memory_Z,Z,0.003,Z,2372,5,343.7709999999999,0.0021079258010118043,0.9978920741989882,0.000941698988846283,0.44674200030867667,True,False,-0.3999999999999999,1.6,0.5,1.0,True
relay-bp-paper-damping-c0p700-w2p000,117,10,7,0.7000000000000001,2.0,0.0,1.0,117000351,bicycle_bivariate_144_12_12_memory_Z,Z,0.003,Z,2532,9,386.84900000000005,0.0035545023696682463,0.9964454976303317,0.0011827265008189521,0.3327403888970652,True,False,-0.29999999999999993,1.7000000000000002,0.5,1.0,True
relay-bp-paper-damping-c0p800-w2p000,118,10,8,0.8,2.0,0.0,1.0,118000354,bicycle_bivariate_144_12_12_memory_Z,Z,0.003,Z,1775,12,363.12600000000003,0.0067605633802816905,0.9932394366197184,0.0019449983761987335,0.287697676479396,True,False,-0.19999999999999996,1.8,0.5,1.0,True
relay-bp-paper-damping-c0p900-w2p000,119,10,9,0.9,2.0,0.0,1.0,119000357,bicycle_bivariate_144_12_12_memory_Z,Z,0.003,Z,932,7,173.53400000000002,0.0075107296137339056,0.9924892703862661,0.0028281081792999483,0.37654240330107885,True,False,-0.09999999999999998,1.9,0.5,1.0,True
relay-bp-paper-damping-c1p000-w2p000,120,10,10,1.0,2.0,0.0,1.0,120000360,bicycle_bivariate_144_12_12_memory_Z,Z,0.003,Z,1966,9,368.869,0.004577822990844354,0.9954221770091557,0.0015224442465923413,0.3325694876445048,True,False,0.0,2.0,0.5,1.0,True
